offset,price,title,odometer,body,transmission,engine
0,"$59,980*",2021 Toyota Kluger GX Auto eFour,"28,071 km",SUV,Automatic,2.5i/184kW Hybrid
0,"$53,990*",2021 Toyota Kluger GX Auto eFour,"72,631 km",SUV,Automatic,2.5i/184kW Hybrid
0,"$37,990",2019 Toyota Kluger GX Auto 2WD,"82,713 km",SUV,Automatic,6cyl 3.5L Petrol
0,"$18,500*",2011 Toyota Kluger Grande Auto 2WD MY11,"203,500 km",SUV,Automatic,6cyl 3.5L Petrol
0,"$66,990*",2021 Toyota Kluger GXL Auto 2WD,196 km,SUV,Automatic,6cyl 3.5L Petrol
0,"$55,990*",2022 Toyota Kluger GX Auto 2WD,"6,602 km",SUV,Automatic,4cyl 2.4L Turbo Petrol
0,"$27,000*",2015 Toyota Kluger GX Auto 2WD,"134,000 km",SUV,Automatic,6cyl 3.5L Petrol
0,"$67,961",2021 Toyota Kluger Grande Auto 2WD,"49,762 km",SUV,Automatic,6cyl 3.5L Petrol
0,"$52,350*",2022 Toyota Kluger GX Auto 2WD,"30,709 km",SUV,Automatic,6cyl 3.5L Petrol
0,"$73,250*",2023 Toyota Kluger GXL Auto eFour,"2,608 km",SUV,Automatic,2.5i/184kW Hybrid
0,"$47,990*",2021 Toyota Kluger GX Auto 2WD,"26,948 km",SUV,Automatic,6cyl 3.5L Petrol
0,"$81,477",2022 Toyota Kluger Grande Auto eFour,"13,936 km",SUV,Automatic,2.5i/184kW Hybrid
0,"$42,990*",2018 Toyota Kluger Grande Auto 2WD,"83,336 km",SUV,Automatic,6cyl 3.5L Petrol
0,"$69,990",2022 Toyota Kluger Grande Auto 2WD,"30,834 km",SUV,Automatic,6cyl 3.5L Petrol
0,"$69,990",2022 Toyota Kluger GXL Auto eFour,"14,518 km",SUV,Automatic,2.5i/184kW Hybrid
0,"$61,888*",2021 Toyota Kluger GX Auto eFour,"14,957 km",SUV,Automatic,2.5i/184kW Hybrid
0,"$39,999*",2019 Toyota Kluger GX Auto 2WD,"79,836 km",SUV,Automatic,6cyl 3.5L Petrol
0,"$22,990*",2011 Toyota Kluger Grande Auto AWD MY11,"121,345 km",SUV,Automatic,6cyl 3.5L Petrol
0,"$41,800*",2019 Toyota Kluger Black Edition Auto 2WD,"93,943 km",SUV,Automatic,6cyl 3.5L Petrol
12,"$36,990",2017 Toyota Kluger GXL Auto 2WD,"93,313 km",SUV,Automatic,6cyl 3.5L Petrol
12,"$78,888*",2021 Toyota Kluger Grande Auto eFour,"11,400 km",SUV,Automatic,2.5i/184kW Hybrid
12,"$66,850*",2023 Toyota Kluger GX Auto eFour,96 km,SUV,Automatic,2.5i/184kW Hybrid
12,"$37,990",2019 Toyota Kluger GX Auto 2WD,"82,713 km",SUV,Automatic,6cyl 3.5L Petrol
12,"$43,990",2018 Toyota Kluger Grande Auto AWD,"97,309 km",SUV,Automatic,6cyl 3.5L Petrol
12,"$39,990*",2019 Toyota Kluger GX Auto 2WD,"37,463 km",SUV,Automatic,6cyl 3.5L Petrol
12,"$60,990",2021 Toyota Kluger GXL Auto AWD,"14,500 km",SUV,Automatic,6cyl 3.5L Petrol
12,"$33,900*",2018 Toyota Kluger GXL Auto AWD,"138,700 km",SUV,Automatic,6cyl 3.5L Petrol
12,"$72,990*",2022 Toyota Kluger Grande Auto eFour,"25,079 km",SUV,Automatic,2.5i/184kW Hybrid
12,"$81,888*",2023 Toyota Kluger Grande Auto eFour,"5,311 km",SUV,Automatic,2.5i/184kW Hybrid
12,"$65,990*",2021 Toyota Kluger GXL Auto AWD,"14,095 km",SUV,Automatic,6cyl 3.5L Petrol
12,"$17,990*",2013 Toyota Kluger Altitude Auto 2WD,"168,124 km",SUV,Automatic,6cyl 3.5L Petrol
24,"$30,998*",2017 Toyota Kluger GX Auto AWD,"119,075 km",SUV,Automatic,6cyl 3.5L Petrol
24,"$39,998*",2019 Toyota Kluger Black Edition Auto 2WD,"64,766 km",SUV,Automatic,6cyl 3.5L Petrol
24,"$73,888*",2022 Toyota Kluger Grande Auto eFour,"26,910 km",SUV,Automatic,2.5i/184kW Hybrid
24,"$37,999*",2017 Toyota Kluger GX Auto 2WD,"62,050 km",SUV,Automatic,6cyl 3.5L Petrol
24,"$31,990",2019 Toyota Kluger GX Auto AWD,"138,978 km",SUV,Automatic,6cyl 3.5L Petrol
24,"$35,985",2018 Toyota Kluger GXL Auto AWD,"138,859 km",SUV,Automatic,6cyl 3.5L Petrol
24,"$67,990",2021 Toyota Kluger GXL Auto eFour,"20,034 km",SUV,Automatic,2.5i/184kW Hybrid
24,"$33,486*",2016 Toyota Kluger GXL Auto 2WD,"83,025 km",SUV,Automatic,6cyl 3.5L Petrol
24,"$39,990*",2018 Toyota Kluger GX Auto 2WD,"60,341 km",SUV,Automatic,6cyl 3.5L Petrol
24,"$59,980*",2021 Toyota Kluger GX Auto eFour,"28,071 km",SUV,Automatic,2.5i/184kW Hybrid
24,"$37,588",2018 Toyota Kluger GX Auto 2WD,"61,560 km",SUV,Automatic,6cyl 3.5L Petrol
24,"$78,600*",2023 Toyota Kluger GXL Auto eFour,571 km,SUV,Automatic,2.5i/184kW Hybrid
36,"$77,000*",2022 Toyota Kluger Grande Auto eFour,"22,715 km",SUV,Automatic,2.5i/184kW Hybrid
36,"$49,999*",2018 Toyota Kluger GXL Auto AWD,"22,506 km",SUV,Automatic,6cyl 3.5L Petrol
36,"$66,990*",2021 Toyota Kluger GXL Auto 2WD,196 km,SUV,Automatic,6cyl 3.5L Petrol
36,"$84,980*",2023 Toyota Kluger Grande Auto eFour,100 km,SUV,Automatic,2.5i/184kW Hybrid
36,"$54,880*",2021 Toyota Kluger GX Auto eFour,"67,941 km",SUV,Automatic,2.5i/184kW Hybrid
36,"$32,000*",2017 Toyota Kluger GXL Auto 2WD,"147,000 km",SUV,Automatic,6cyl 3.5L Petrol
36,"$49,750*",2019 Toyota Kluger GXL Auto AWD,"38,000 km",SUV,Automatic,6cyl 3.5L Petrol
36,"$39,490",2019 Toyota Kluger GXL Auto 2WD,"110,503 km",SUV,Automatic,6cyl 3.5L Petrol
36,"$55,990*",2022 Toyota Kluger GX Auto 2WD,"6,602 km",SUV,Automatic,4cyl 2.4L Turbo Petrol
36,"$42,500*",2018 Toyota Kluger Grande Auto AWD,"92,000 km",SUV,Automatic,6cyl 3.5L Petrol
36,"$47,000*",2019 Toyota Kluger GXL Auto AWD,"52,800 km",SUV,Automatic,6cyl 3.5L Petrol
36,"$20,200*",2011 Toyota Kluger Grande Auto AWD MY11,"153,000 km",SUV,Automatic,6cyl 3.5L Petrol
48,"$44,888*",2021 Toyota Kluger GX Auto 2WD,"52,531 km",SUV,Automatic,6cyl 3.5L Petrol
48,"$28,000*",2015 Toyota Kluger GX Auto 2WD,"195,000 km",SUV,Automatic,6cyl 3.5L Petrol
48,"$12,995*",2009 Toyota Kluger KX-R Auto 2WD,"267,212 km",SUV,Automatic,6cyl 3.5L Petrol
48,"$13,000*",2012 Toyota Kluger KX-R Auto 2WD MY12,"312,995 km",SUV,Automatic,6cyl 3.5L Petrol
48,"$62,999*",2021 Toyota Kluger GXL Auto eFour,"32,726 km",SUV,Automatic,2.5i/184kW Hybrid
48,"$30,990*",2018 Toyota Kluger GX Auto 2WD,"117,317 km",SUV,Automatic,6cyl 3.5L Petrol
48,"$71,888*",2021 Toyota Kluger Grande Auto eFour,"40,165 km",SUV,Automatic,2.5i/184kW Hybrid
48,"$68,886",2021 Toyota Kluger Grande Auto 2WD,"28,092 km",SUV,Automatic,6cyl 3.5L Petrol
48,"$5,600*",2005 Toyota Kluger CVX Auto AWD,"241,710 km",SUV,Automatic,6cyl 3.3L Petrol
48,"$35,990*",2015 Toyota Kluger Grande Auto 2WD,"77,000 km",SUV,Automatic,6cyl 3.5L Petrol
48,"$26,000*",2012 Toyota Kluger Grande Auto AWD MY12,"181,000 km",SUV,Automatic,6cyl 3.5L Petrol
48,"$39,990",2019 Toyota Kluger GX Auto AWD,"81,583 km",SUV,Automatic,6cyl 3.5L Petrol
60,"$34,990",2017 Toyota Kluger GXL Auto AWD,"102,445 km",SUV,Automatic,6cyl 3.5L Petrol
60,"$39,888*",2017 Toyota Kluger Grande Auto 2WD,"100,222 km",SUV,Automatic,6cyl 3.5L Petrol
60,"$37,900*",2018 Toyota Kluger Grande Auto AWD,"133,428 km",SUV,Automatic,6cyl 3.5L Petrol
60,"$10,500*",2008 Toyota Kluger KX-S Auto 2WD,"303,762 km",SUV,Automatic,6cyl 3.5L Petrol
60,"$41,880",2018 Toyota Kluger GXL Auto 2WD,"62,635 km",SUV,Automatic,6cyl 3.5L Petrol
60,"$15,600*",2012 Toyota Kluger KX-R Auto 2WD MY12,"145,771 km",SUV,Automatic,6cyl 3.5L Petrol
60,"$68,950*",2023 Toyota Kluger GX Auto eFour,19 km,SUV,Automatic,2.5i/184kW Hybrid
60,"$46,000*",2017 Toyota Kluger Grande Auto AWD,"91,327 km",SUV,Automatic,6cyl 3.5L Petrol
60,"$62,990",2021 Toyota Kluger GXL Auto eFour,"47,402 km",SUV,Automatic,2.5i/184kW Hybrid
60,"$26,850*",2015 Toyota Kluger GX Auto AWD,"143,520 km",SUV,Automatic,6cyl 3.5L Petrol
60,"$16,500*",2013 Toyota Kluger KX-R Auto AWD,"244,300 km",SUV,Automatic,6cyl 3.5L Petrol
60,"$21,950*",2014 Toyota Kluger GX Auto AWD,"258,748 km",SUV,Automatic,6cyl 3.5L Petrol
72,"$66,990*",2021 Toyota Kluger Grande Auto AWD,"17,890 km",SUV,Automatic,6cyl 3.5L Petrol
72,"$20,500*",2013 Toyota Kluger Grande Auto AWD,"184,300 km",SUV,Automatic,6cyl 3.5L Petrol
72,"$13,490*",2009 Toyota Kluger KX-S Auto 2WD,"204,607 km",SUV,Automatic,6cyl 3.5L Petrol
72,"$67,990*",2023 Toyota Kluger GX Auto eFour,35 km,SUV,Automatic,2.5i/184kW Hybrid
72,"$33,000*",2015 Toyota Kluger Grande Auto AWD,"127,000 km",SUV,Automatic,6cyl 3.5L Petrol
72,"$29,480",2017 Toyota Kluger GX Auto 2WD,"111,792 km",SUV,Automatic,6cyl 3.5L Petrol
72,"$26,399*",2014 Toyota Kluger GXL Auto AWD,"165,221 km",SUV,Automatic,6cyl 3.5L Petrol
72,"$24,388*",2015 Toyota Kluger Grande Auto 2WD,"175,741 km",SUV,Automatic,6cyl 3.5L Petrol
72,"$25,500*",2014 Toyota Kluger GXL Auto 2WD,"143,000 km",SUV,Automatic,6cyl 3.5L Petrol
72,"$13,250*",2010 Toyota Kluger KX-R Auto 2WD,"285,005 km",SUV,Automatic,6cyl 3.5L Petrol
72,"$53,990*",2021 Toyota Kluger GX Auto eFour,"72,631 km",SUV,Automatic,2.5i/184kW Hybrid
72,"$37,999*",2015 Toyota Kluger GXL Auto AWD,"133,966 km",SUV,Automatic,6cyl 3.5L Petrol
84,"$34,900*",2018 Toyota Kluger GX Auto 2WD,"93,903 km",SUV,Automatic,6cyl 3.5L Petrol
84,"$38,888*",2017 Toyota Kluger GX Auto AWD,"91,847 km",SUV,Automatic,6cyl 3.5L Petrol
84,"$56,500*",2021 Toyota Kluger GXL Auto 2WD,"24,000 km",SUV,Automatic,6cyl 3.5L Petrol
84,"$65,200*",2021 Toyota Kluger Grande Auto 2WD,"57,376 km",SUV,Automatic,6cyl 3.5L Petrol
84,"$32,000*",2015 Toyota Kluger Grande Auto AWD,"142,500 km",SUV,Automatic,6cyl 3.5L Petrol
84,"$53,900*",2021 Toyota Kluger GX Auto eFour,"86,750 km",SUV,Automatic,2.5i/184kW Hybrid
84,"$40,500*",2019 Toyota Kluger GX Auto AWD,"64,650 km",SUV,Automatic,6cyl 3.5L Petrol
84,"$36,500*",2015 Toyota Kluger Grande Auto 2WD,"75,500 km",SUV,Automatic,6cyl 3.5L Petrol
84,"$39,990*",2018 Toyota Kluger GX Auto 2WD,"49,156 km",SUV,Automatic,6cyl 3.5L Petrol
84,"$12,950*",2006 Toyota Kluger CV Auto AWD MY06,"134,995 km",SUV,Automatic,6cyl 3.3L Petrol
84,"$42,500*",2017 Toyota Kluger Grande Auto AWD,"79,610 km",SUV,Automatic,6cyl 3.5L Petrol
84,"$40,990",2016 Toyota Kluger Grande Auto 2WD,"82,011 km",SUV,Automatic,6cyl 3.5L Petrol
96,"$44,877*",2019 Toyota Kluger Black Edition Auto AWD,"95,913 km",SUV,Automatic,6cyl 3.5L Petrol
96,"$27,000*",2015 Toyota Kluger GXL Auto 2WD,"128,613 km",SUV,Automatic,6cyl 3.5L Petrol
96,"$37,900*",2018 Toyota Kluger GXL Auto 2WD,"79,824 km",SUV,Automatic,6cyl 3.5L Petrol
96,"$17,000*",2010 Toyota Kluger KX-R Auto 2WD,"191,500 km",SUV,Automatic,6cyl 3.5L Petrol
96,"$49,705",2021 Toyota Kluger GX Auto 2WD,"38,878 km",SUV,Automatic,6cyl 3.5L Petrol
96,"$29,500*",2017 Toyota Kluger GX Auto AWD,"113,880 km",SUV,Automatic,6cyl 3.5L Petrol
96,"$63,777*",2022 Toyota Kluger GXL Auto 2WD,"15,344 km",SUV,Automatic,6cyl 3.5L Petrol
96,"$28,300*",2016 Toyota Kluger GX Auto 2WD,"143,000 km",SUV,Automatic,6cyl 3.5L Petrol
96,"$33,888",2016 Toyota Kluger GX Auto AWD,"55,123 km",SUV,Automatic,6cyl 3.5L Petrol
96,"$58,990*",2021 Toyota Kluger Grande Auto 2WD,"16,038 km",SUV,Automatic,6cyl 3.5L Petrol
96,"$46,999*",2017 Toyota Kluger GXL Auto AWD,"78,291 km",SUV,Automatic,6cyl 3.5L Petrol
96,"$23,950*",2013 Toyota Kluger Altitude Auto 2WD,"138,122 km",SUV,Automatic,6cyl 3.5L Petrol
108,"$74,300*",2022 Toyota Kluger GXL Auto eFour,"14,422 km",SUV,Automatic,2.5i/184kW Hybrid
108,"$37,990*",2018 Toyota Kluger Grande Auto 2WD,"113,002 km",SUV,Automatic,6cyl 3.5L Petrol
108,"$64,500*",2021 Toyota Kluger Grande Auto AWD,"24,020 km",SUV,Automatic,6cyl 3.5L Petrol
108,"$72,999*",2021 Toyota Kluger Grande Auto eFour,"31,527 km",SUV,Automatic,2.5i/184kW Hybrid
108,"$30,300*",2016 Toyota Kluger GXL Auto 2WD,"127,000 km",SUV,Automatic,6cyl 3.5L Petrol
108,"$20,800*",2010 Toyota Kluger KX-S Auto AWD,"127,000 km",SUV,Automatic,6cyl 3.5L Petrol
108,"$28,990*",2014 Toyota Kluger Grande Auto 2WD,"164,773 km",SUV,Automatic,6cyl 3.5L Petrol
108,"$44,990*",2019 Toyota Kluger GX Auto 2WD,"20,094 km",SUV,Automatic,6cyl 3.5L Petrol
108,"$32,800*",2015 Toyota Kluger GX Auto AWD,"44,000 km",SUV,Automatic,6cyl 3.5L Petrol
108,"$16,400*",2011 Toyota Kluger Grande Auto AWD MY11,"212,000 km",SUV,Automatic,6cyl 3.5L Petrol
108,"$8,400*",2006 Toyota Kluger CVX Auto AWD MY06,"171,781 km",SUV,Automatic,6cyl 3.3L Petrol
108,"$17,500*",2008 Toyota Kluger Grande Auto AWD,"145,784 km",SUV,Automatic,6cyl 3.5L Petrol
120,"$29,500*",2018 Toyota Kluger GX Auto 2WD,"95,000 km",SUV,Automatic,6cyl 3.5L Petrol
120,"$25,750*",2015 Toyota Kluger GXL Auto 2WD,"131,000 km",SUV,Automatic,6cyl 3.5L Petrol
120,"$38,550*",2019 Toyota Kluger GX Auto 2WD,"71,000 km",SUV,Automatic,6cyl 3.5L Petrol
120,"$31,000*",2015 Toyota Kluger GX Auto 2WD,"90,336 km",SUV,Automatic,6cyl 3.5L Petrol
120,"$28,900*",2015 Toyota Kluger GX Auto 2WD,"97,000 km",SUV,Automatic,6cyl 3.5L Petrol
120,"$49,990*",2019 Toyota Kluger Black Edition Auto AWD,"38,383 km",SUV,Automatic,6cyl 3.5L Petrol
120,"$43,000*",2018 Toyota Kluger GXL Auto AWD,"69,631 km",SUV,Automatic,6cyl 3.5L Petrol
120,"$28,450*",2015 Toyota Kluger GXL Auto 2WD,"120,490 km",SUV,Automatic,6cyl 3.5L Petrol
120,"$43,000*",2019 Toyota Kluger GXL Auto 2WD,"66,665 km",SUV,Automatic,6cyl 3.5L Petrol
120,"$38,990*",2018 Toyota Kluger GXL Auto AWD,"83,000 km",SUV,Automatic,6cyl 3.5L Petrol
120,"$60,990*",2021 Toyota Kluger GXL Auto eFour,"40,043 km",SUV,Automatic,2.5i/184kW Hybrid
120,"$16,800*",2012 Toyota Kluger KX-S Auto AWD MY12,"227,000 km",SUV,Automatic,6cyl 3.5L Petrol
132,"$42,000*",2017 Toyota Kluger GXL Auto 2WD,"118,000 km",SUV,Automatic,6cyl 3.5L Petrol
132,"$35,500*",2019 Toyota Kluger GXL Auto 2WD,"156,000 km",SUV,Automatic,6cyl 3.5L Petrol
132,"$38,850*",2016 Toyota Kluger Grande Auto AWD,"96,696 km",SUV,Automatic,6cyl 3.5L Petrol
132,"$39,900*",2018 Toyota Kluger GXL Auto 2WD,"115,488 km",SUV,Automatic,6cyl 3.5L Petrol
132,"$9,000*",2010 Toyota Kluger KX-R Auto 2WD,"317,000 km",SUV,Automatic,6cyl 3.5L Petrol
132,"$18,500*",2011 Toyota Kluger Grande Auto 2WD MY11,"203,500 km",SUV,Automatic,6cyl 3.5L Petrol
132,"$22,500*",2013 Toyota Kluger KX-R Auto AWD,"110,000 km",SUV,Automatic,6cyl 3.5L Petrol
132,"$39,800*",2018 Toyota Kluger GXL Auto 2WD,"43,000 km",SUV,Automatic,6cyl 3.5L Petrol
132,"$38,700*",2017 Toyota Kluger GXL Auto AWD,"76,086 km",SUV,Automatic,6cyl 3.5L Petrol
132,"$62,400*",2021 Toyota Kluger GX Auto eFour,"19,134 km",SUV,Automatic,2.5i/184kW Hybrid
132,"$27,000*",2015 Toyota Kluger GX Auto 2WD,"134,000 km",SUV,Automatic,6cyl 3.5L Petrol
132,"$57,490*",2021 Toyota Kluger GX Auto eFour,"32,500 km",SUV,Automatic,2.5i/184kW Hybrid
144,"$32,000*",2014 Toyota Kluger GXL Auto AWD,"79,352 km",SUV,Automatic,6cyl 3.5L Petrol
144,"$79,000*",2022 Toyota Kluger Grande Auto eFour,"21,000 km",SUV,Automatic,2.5i/184kW Hybrid
144,"$40,990",2019 Toyota Kluger GXL Auto AWD,"97,006 km",SUV,Automatic,6cyl 3.5L Petrol
144,"$36,990",2017 Toyota Kluger GX Auto 2WD,"96,653 km",SUV,Automatic,6cyl 3.5L Petrol
144,"$27,888",2017 Toyota Kluger GX Auto AWD,"196,245 km",SUV,Automatic,6cyl 3.5L Petrol
144,"$47,988*",2018 Toyota Kluger Grande Auto 2WD,"65,857 km",SUV,Automatic,6cyl 3.5L Petrol
144,"$80,999*",2023 Toyota Kluger Grande Auto eFour,"10,549 km",SUV,Automatic,2.5i/184kW Hybrid
144,"$69,990*",2022 Toyota Kluger GX Auto eFour,20 km,SUV,Automatic,2.5i/184kW Hybrid
144,"$39,990*",2019 Toyota Kluger GX Auto AWD,"90,740 km",SUV,Automatic,6cyl 3.5L Petrol
144,"$38,985",2019 Toyota Kluger Black Edition Auto 2WD,"150,881 km",SUV,Automatic,6cyl 3.5L Petrol
144,"$42,490*",2019 Toyota Kluger GX Auto 2WD,"23,982 km",SUV,Automatic,6cyl 3.5L Petrol
144,"$32,390*",2017 Toyota Kluger GX Auto AWD,"108,102 km",SUV,Automatic,6cyl 3.5L Petrol
156,"$32,986*",2015 Toyota Kluger GXL Auto AWD,"96,689 km",SUV,Automatic,6cyl 3.5L Petrol
156,"$41,990*",2018 Toyota Kluger GXL Auto AWD,"96,448 km",SUV,Automatic,6cyl 3.5L Petrol
156,"$40,800",2014 Toyota Kluger Grande Auto AWD,"34,208 km",SUV,Automatic,6cyl 3.5L Petrol
156,"$34,999*",2017 Toyota Kluger GXL Auto 2WD,"100,589 km",SUV,Automatic,6cyl 3.5L Petrol
156,"$44,990*",2018 Toyota Kluger GXL Auto 2WD,"68,700 km",SUV,Automatic,6cyl 3.5L Petrol
156,"$40,990",2019 Toyota Kluger GX Auto 2WD,"68,544 km",SUV,Automatic,6cyl 3.5L Petrol
156,"$22,990",2013 Toyota Kluger KX-R Auto 2WD,"93,151 km",SUV,Automatic,6cyl 3.5L Petrol
156,"$38,990*",2018 Toyota Kluger GX Auto 2WD,"64,223 km",SUV,Automatic,6cyl 3.5L Petrol
156,"$38,970",2019 Toyota Kluger GX Auto 2WD,"62,333 km",SUV,Automatic,6cyl 3.5L Petrol
156,"$39,990",2019 Toyota Kluger GX Auto 2WD,"83,836 km",SUV,Automatic,6cyl 3.5L Petrol
156,"$49,880*",2021 Toyota Kluger GX Auto 2WD,"32,945 km",SUV,Automatic,6cyl 3.5L Petrol
168,"$62,990",2022 Toyota Kluger GX Auto eFour,"14,820 km",SUV,Automatic,2.5i/184kW Hybrid
168,"$42,990",2019 Toyota Kluger GXL Auto AWD,"77,869 km",SUV,Automatic,6cyl 3.5L Petrol
168,"$33,990",2017 Toyota Kluger GX Auto 2WD,"107,728 km",SUV,Automatic,6cyl 3.5L Petrol
168,"$31,888*",2018 Toyota Kluger GX Auto 2WD,"148,481 km",SUV,Automatic,6cyl 3.5L Petrol
168,"$66,850*",2023 Toyota Kluger GX Auto eFour,39 km,SUV,Automatic,2.5i/184kW Hybrid
168,"$51,999*",2019 Toyota Kluger Grande Auto AWD,"37,888 km",SUV,Automatic,6cyl 3.5L Petrol
168,"$35,888*",2018 Toyota Kluger GXL Auto 2WD,"120,772 km",SUV,Automatic,6cyl 3.5L Petrol
168,"$34,990*",2018 Toyota Kluger GX Auto AWD,"93,827 km",SUV,Automatic,6cyl 3.5L Petrol
168,"$34,990*",2018 Toyota Kluger GX Auto 2WD,"91,497 km",SUV,Automatic,6cyl 3.5L Petrol
168,"$42,995*",2018 Toyota Kluger GX Auto 2WD,"60,512 km",SUV,Automatic,6cyl 3.5L Petrol
168,"$66,555*",2022 Toyota Kluger GX Auto eFour,"7,501 km",SUV,Automatic,2.5i/184kW Hybrid
168,"$64,989*",2021 Toyota Kluger GXL Auto eFour,"49,916 km",SUV,Automatic,2.5i/184kW Hybrid
180,"$64,989*",2021 Toyota Kluger GXL Auto eFour,"49,916 km",SUV,Automatic,2.5i/184kW Hybrid
180,"$34,990",2019 Toyota Kluger GX Auto AWD,"89,740 km",SUV,Automatic,6cyl 3.5L Petrol
180,"$33,990*",2014 Toyota Kluger GXL Auto 2WD,"66,579 km",SUV,Automatic,6cyl 3.5L Petrol
180,"$29,999",2018 Toyota Kluger GX Auto 2WD,"123,192 km",SUV,Automatic,6cyl 3.5L Petrol
180,"$36,970",2018 Toyota Kluger GXL Auto AWD,"105,413 km",SUV,Automatic,6cyl 3.5L Petrol
180,"$59,990*",2021 Toyota Kluger GX Auto eFour,"49,703 km",SUV,Automatic,2.5i/184kW Hybrid
180,"$40,990",2018 Toyota Kluger GXL Auto AWD,"96,026 km",SUV,Automatic,6cyl 3.5L Petrol
180,"$38,769",2019 Toyota Kluger GX Auto AWD,"86,076 km",SUV,Automatic,6cyl 3.5L Petrol
180,"$40,999",2019 Toyota Kluger GX Auto AWD,"61,382 km",SUV,Automatic,6cyl 3.5L Petrol
180,"$29,990*",2016 Toyota Kluger GX Auto 2WD,"156,406 km",SUV,Automatic,6cyl 3.5L Petrol
180,"$36,888*",2017 Toyota Kluger GXL Auto 2WD,"100,084 km",SUV,Automatic,6cyl 3.5L Petrol
180,"$20,990*",2013 Toyota Kluger KX-R Auto AWD,"191,050 km",SUV,Automatic,6cyl 3.5L Petrol
192,"$47,988*",2019 Toyota Kluger Black Edition Auto 2WD,"72,467 km",SUV,Automatic,6cyl 3.5L Petrol
192,"$41,989*",2019 Toyota Kluger GX Auto AWD,"68,752 km",SUV,Automatic,6cyl 3.5L Petrol
192,"$29,995",2015 Toyota Kluger GXL Auto 2WD,"113,263 km",SUV,Automatic,6cyl 3.5L Petrol
192,"$77,970",2022 Toyota Kluger GXL Auto eFour,"2,051 km",SUV,Automatic,2.5i/184kW Hybrid
192,"$68,950",2022 Toyota Kluger GXL Auto eFour,"29,793 km",SUV,Automatic,2.5i/184kW Hybrid
192,"$79,990",2022 Toyota Kluger Grande Auto eFour,"10,095 km",SUV,Automatic,2.5i/184kW Hybrid
192,"$66,490*",2023 Toyota Kluger GX Auto eFour,50 km,SUV,Automatic,2.5i/184kW Hybrid
192,"$52,990",2019 Toyota Kluger Grande Auto AWD,"44,204 km",SUV,Automatic,6cyl 3.5L Petrol
192,"$36,888*",2019 Toyota Kluger GX Auto AWD,"100,592 km",SUV,Automatic,6cyl 3.5L Petrol
192,"$36,990",2019 Toyota Kluger GX Auto AWD,"101,681 km",SUV,Automatic,6cyl 3.5L Petrol
192,"$27,999*",2014 Toyota Kluger GXL Auto 2WD,"122,940 km",SUV,Automatic,6cyl 3.5L Petrol
192,"$44,999",2019 Toyota Kluger Black Edition Auto 2WD,"75,328 km",SUV,Automatic,6cyl 3.5L Petrol
204,"$75,970",2022 Toyota Kluger GXL Auto eFour,"9,279 km",SUV,Automatic,2.5i/184kW Hybrid
204,"$59,970",2022 Toyota Kluger GX Auto AWD,"7,496 km",SUV,Automatic,6cyl 3.5L Petrol
204,"$46,807*",2019 Toyota Kluger Black Edition Auto AWD,"117,219 km",SUV,Automatic,6cyl 3.5L Petrol
204,"$39,990*",2017 Toyota Kluger GXL Auto AWD,"79,991 km",SUV,Automatic,6cyl 3.5L Petrol
204,"$65,990*",2021 Toyota Kluger GXL Auto eFour,"53,257 km",SUV,Automatic,2.5i/184kW Hybrid
204,"$32,888",2016 Toyota Kluger GXL Auto 2WD,"110,597 km",SUV,Automatic,6cyl 3.5L Petrol
204,"$65,888*",2022 Toyota Kluger GXL Auto eFour,"20,039 km",SUV,Automatic,2.5i/184kW Hybrid
204,"$18,995*",2009 Toyota Kluger Grande Auto AWD,"185,799 km",SUV,Automatic,6cyl 3.5L Petrol
204,"$65,990",2022 Toyota Kluger GXL Auto AWD,"22,430 km",SUV,Automatic,6cyl 3.5L Petrol
204,"$37,990*",2019 Toyota Kluger GX Auto AWD,"109,000 km",SUV,Automatic,6cyl 3.5L Petrol
204,"$34,990*",2017 Toyota Kluger GX Auto 2WD,"118,104 km",SUV,Automatic,6cyl 3.5L Petrol
204,"$21,738*",2014 Toyota Kluger GX Auto 2WD,"178,465 km",SUV,Automatic,6cyl 3.5L Petrol
216,"$35,880",2019 Toyota Kluger GX Auto AWD,"89,995 km",SUV,Automatic,6cyl 3.5L Petrol
216,"$80,490*",2022 Toyota Kluger Grande Auto eFour,"5,556 km",SUV,Automatic,2.5i/184kW Hybrid
216,"$56,950",2022 Toyota Kluger GX Auto AWD,"5,400 km",SUV,Automatic,6cyl 3.5L Petrol
216,"$54,990",2021 Toyota Kluger GX Auto eFour,"77,452 km",SUV,Automatic,2.5i/184kW Hybrid
216,"$49,888*",2019 Toyota Kluger GXL Auto AWD,"57,100 km",SUV,Automatic,6cyl 3.5L Petrol
216,"$39,990*",2018 Toyota Kluger GXL Auto 2WD,"79,109 km",SUV,Automatic,6cyl 3.5L Petrol
216,"$69,990*",2022 Toyota Kluger GX Auto eFour,20 km,SUV,Automatic,2.5i/184kW Hybrid
216,"$63,999*",2021 Toyota Kluger GXL Auto eFour,"32,451 km",SUV,Automatic,2.5i/184kW Hybrid
216,"$49,490",2017 Toyota Kluger Grande Auto AWD,"45,380 km",SUV,Automatic,6cyl 3.5L Petrol
216,"$39,990*",2019 Toyota Kluger GX Auto 2WD,"75,135 km",SUV,Automatic,6cyl 3.5L Petrol
216,"$35,790*",2019 Toyota Kluger GX Auto 2WD,"76,941 km",SUV,Automatic,6cyl 3.5L Petrol
216,"$67,950",2022 Toyota Kluger GXL Auto eFour,"33,227 km",SUV,Automatic,2.5i/184kW Hybrid
228,"$46,888*",2019 Toyota Kluger GXL Auto 2WD,"28,434 km",SUV,Automatic,6cyl 3.5L Petrol
228,"$35,977*",2015 Toyota Kluger Grande Auto AWD,"115,531 km",SUV,Automatic,6cyl 3.5L Petrol
228,"$24,350*",2016 Toyota Kluger GX Auto 2WD,"165,633 km",SUV,Automatic,6cyl 3.5L Petrol
228,"$39,990",2019 Toyota Kluger GX Auto 2WD,"78,244 km",SUV,Automatic,6cyl 3.5L Petrol
228,"$37,990*",2016 Toyota Kluger GXL Auto AWD,"99,090 km",SUV,Automatic,6cyl 3.5L Petrol
228,"$32,990*",2016 Toyota Kluger GX Auto 2WD,"65,083 km",SUV,Automatic,6cyl 3.5L Petrol
228,"$60,880",2021 Toyota Kluger Grande Auto 2WD,"14,986 km",SUV,Automatic,6cyl 3.5L Petrol
228,"$41,990*",2019 Toyota Kluger GX Auto 2WD,"47,203 km",SUV,Automatic,6cyl 3.5L Petrol
228,"$39,990*",2019 Toyota Kluger GX Auto 2WD,"69,487 km",SUV,Automatic,6cyl 3.5L Petrol
228,"$87,989*",2023 Toyota Kluger Grande Auto eFour,"3,916 km",SUV,Automatic,2.5i/184kW Hybrid
228,"$45,993*",2019 Toyota Kluger Grande Auto 2WD,"76,197 km",SUV,Automatic,6cyl 3.5L Petrol
228,"$47,999*",2019 Toyota Kluger GXL Auto AWD,"60,811 km",SUV,Automatic,6cyl 3.5L Petrol
240,"$20,990*",2013 Toyota Kluger KX-S Auto 2WD,"166,079 km",SUV,Automatic,6cyl 3.5L Petrol
240,"$17,990*",2013 Toyota Kluger KX-R Auto 2WD,"137,461 km",SUV,Automatic,6cyl 3.5L Petrol
240,"$57,990*",2021 Toyota Kluger GX Auto eFour,"66,969 km",SUV,Automatic,2.5i/184kW Hybrid
240,"$36,990",2019 Toyota Kluger GX Auto AWD,"103,459 km",SUV,Automatic,6cyl 3.5L Petrol
240,"$54,990*",2021 Toyota Kluger GX Auto eFour,"81,941 km",SUV,Automatic,2.5i/184kW Hybrid
240,"$47,550*",2018 Toyota Kluger Grande Auto 2WD,"68,000 km",SUV,Automatic,6cyl 3.5L Petrol
240,"$46,895*",2019 Toyota Kluger GXL Auto 2WD,"55,247 km",SUV,Automatic,6cyl 3.5L Petrol
240,"$36,500*",2019 Toyota Kluger GX Auto AWD,"96,301 km",SUV,Automatic,6cyl 3.5L Petrol
240,"$34,490*",2018 Toyota Kluger GX Auto AWD,"99,889 km",SUV,Automatic,6cyl 3.5L Petrol
240,"$38,990*",2017 Toyota Kluger Grande Auto 2WD,"109,021 km",SUV,Automatic,6cyl 3.5L Petrol
240,"$69,777*",2023 Toyota Kluger GX Auto eFour,11 km,SUV,Automatic,2.5i/184kW Hybrid
240,"$53,888",2019 Toyota Kluger Black Edition Auto AWD,"62,662 km",SUV,Automatic,6cyl 3.5L Petrol
252,"$28,990*",2015 Toyota Kluger GX Auto AWD,"144,437 km",SUV,Automatic,6cyl 3.5L Petrol
252,"$26,987*",2014 Toyota Kluger Grande Auto 2WD,"165,000 km",SUV,Automatic,6cyl 3.5L Petrol
252,"$48,990*",2021 Toyota Kluger GX Auto 2WD,"49,756 km",SUV,Automatic,6cyl 3.5L Petrol
252,"$49,999",2019 Toyota Kluger GXL Auto AWD,"38,155 km",SUV,Automatic,6cyl 3.5L Petrol
252,"$47,990",2019 Toyota Kluger GX Auto 2WD,"55,198 km",SUV,Automatic,6cyl 3.5L Petrol
252,"$44,970",2019 Toyota Kluger Black Edition Auto 2WD,"71,304 km",SUV,Automatic,6cyl 3.5L Petrol
252,"$53,950",2019 Toyota Kluger Grande Auto AWD,"35,598 km",SUV,Automatic,6cyl 3.5L Petrol
252,"$51,999",2019 Toyota Kluger Grande Auto AWD,"68,018 km",SUV,Automatic,6cyl 3.5L Petrol
252,"$44,990*",2019 Toyota Kluger Black Edition Auto AWD,"115,663 km",SUV,Automatic,6cyl 3.5L Petrol
252,"$34,995*",2014 Toyota Kluger GXL Auto AWD,"141,555 km",SUV,Automatic,6cyl 3.5L Petrol
252,"$31,772*",2017 Toyota Kluger GXL Auto 2WD,"120,028 km",SUV,Automatic,6cyl 3.5L Petrol
252,"$59,999*",2022 Toyota Kluger GX Auto eFour,"22,000 km",SUV,Automatic,2.5i/184kW Hybrid
264,"$34,990*",2014 Toyota Kluger Grande Auto 2WD,"77,058 km",SUV,Automatic,6cyl 3.5L Petrol
264,"$26,990*",2014 Toyota Kluger GXL Auto 2WD,"135,000 km",SUV,Automatic,6cyl 3.5L Petrol
264,"$69,450*",2023 Toyota Kluger GX Auto eFour,100 km,SUV,Automatic,2.5i/184kW Hybrid
264,"$69,990",2021 Toyota Kluger GXL Auto AWD,"43,589 km",SUV,Automatic,6cyl 3.5L Petrol
264,"$59,990*",2021 Toyota Kluger GX Auto eFour,"43,574 km",SUV,Automatic,2.5i/184kW Hybrid
264,"$68,888*",2021 Toyota Kluger Grande Auto AWD,"19,068 km",SUV,Automatic,6cyl 3.5L Petrol
264,"$67,350*",2023 Toyota Kluger GX Auto eFour,35 km,SUV,Automatic,2.5i/184kW Hybrid
264,"$48,990*",2019 Toyota Kluger Black Edition Auto 2WD,"28,297 km",SUV,Automatic,6cyl 3.5L Petrol
264,"$45,000",2016 Toyota Kluger Grande Auto AWD,"59,319 km",SUV,Automatic,6cyl 3.5L Petrol
264,"$34,990*",2017 Toyota Kluger GX Auto AWD,"102,572 km",SUV,Automatic,6cyl 3.5L Petrol
264,"$32,990*",2015 Toyota Kluger Grande Auto AWD,"135,382 km",SUV,Automatic,6cyl 3.5L Petrol
264,"$27,990*",2015 Toyota Kluger GXL Auto AWD,"141,046 km",SUV,Automatic,6cyl 3.5L Petrol
276,"$25,990",2013 Toyota Kluger Grande Auto 2WD,"108,960 km",SUV,Automatic,6cyl 3.5L Petrol
276,"$19,980*",2013 Toyota Kluger KX-R Auto 2WD,"131,314 km",SUV,Automatic,6cyl 3.5L Petrol
276,"$67,990*",2022 Toyota Kluger GX Auto eFour,19 km,SUV,Automatic,2.5i/184kW Hybrid
276,"$67,950*",2023 Toyota Kluger GX Auto eFour,50 km,SUV,Automatic,2.5i/184kW Hybrid
276,"$44,888",2017 Toyota Kluger Grande Auto 2WD,"87,827 km",SUV,Automatic,6cyl 3.5L Petrol
276,"$63,989*",2022 Toyota Kluger GXL Auto AWD,"12,368 km",SUV,Automatic,6cyl 3.5L Petrol
276,"$46,990",2019 Toyota Kluger GXL Auto AWD,"77,367 km",SUV,Automatic,6cyl 3.5L Petrol
276,"$50,990",2019 Toyota Kluger Grande Auto AWD,"58,057 km",SUV,Automatic,6cyl 3.5L Petrol
276,"$33,990",2018 Toyota Kluger GX Auto 2WD,"110,849 km",SUV,Automatic,6cyl 3.5L Petrol
276,"$67,999*",2023 Toyota Kluger GX Auto eFour,272 km,SUV,Automatic,2.5i/184kW Hybrid
276,"$32,999",2017 Toyota Kluger GX Auto AWD,"114,350 km",SUV,Automatic,6cyl 3.5L Petrol
276,"$28,990*",2015 Toyota Kluger GX Auto AWD,"136,417 km",SUV,Automatic,6cyl 3.5L Petrol
288,"$63,990*",2022 Toyota Kluger GX Auto eFour,"14,784 km",SUV,Automatic,2.5i/184kW Hybrid
288,"$33,990*",2014 Toyota Kluger Grande Auto 2WD,"157,713 km",SUV,Automatic,6cyl 3.5L Petrol
288,"$34,458",2018 Toyota Kluger GX Auto 2WD,"107,421 km",SUV,Automatic,6cyl 3.5L Petrol
288,"$78,333*",2022 Toyota Kluger Grande Auto eFour,"16,294 km",SUV,Automatic,2.5i/184kW Hybrid
288,"$43,989*",2019 Toyota Kluger GX Auto 2WD,"34,508 km",SUV,Automatic,6cyl 3.5L Petrol
288,"$76,888*",2021 Toyota Kluger Grande Auto eFour,"17,282 km",SUV,Automatic,2.5i/184kW Hybrid
288,"$54,990*",2019 Toyota Kluger Black Edition Auto AWD,"36,562 km",SUV,Automatic,6cyl 3.5L Petrol
288,"$38,888*",2019 Toyota Kluger GX Auto AWD,"113,415 km",SUV,Automatic,6cyl 3.5L Petrol
288,"$43,950",2017 Toyota Kluger Grande Auto AWD,"89,480 km",SUV,Automatic,6cyl 3.5L Petrol
288,"$30,499",2014 Toyota Kluger Grande Auto 2WD,"114,690 km",SUV,Automatic,6cyl 3.5L Petrol
288,"$47,950",2019 Toyota Kluger Black Edition Auto 2WD,"51,324 km",SUV,Automatic,6cyl 3.5L Petrol
288,"$79,490*",2022 Toyota Kluger Grande Auto eFour,"12,025 km",SUV,Automatic,2.5i/184kW Hybrid
300,"$40,996*",2018 Toyota Kluger Grande Auto 2WD,"111,850 km",SUV,Automatic,6cyl 3.5L Petrol
300,"$33,999",2018 Toyota Kluger GX Auto 2WD,"68,203 km",SUV,Automatic,6cyl 3.5L Petrol
300,"$47,970",2019 Toyota Kluger GXL Auto 2WD,"58,621 km",SUV,Automatic,6cyl 3.5L Petrol
300,"$61,990*",2021 Toyota Kluger GX Auto eFour,"21,415 km",SUV,Automatic,2.5i/184kW Hybrid
300,"$64,990*",2021 Toyota Kluger GXL Auto eFour,"51,215 km",SUV,Automatic,2.5i/184kW Hybrid
300,"$59,990*",2021 Toyota Kluger GX Auto eFour,"42,611 km",SUV,Automatic,2.5i/184kW Hybrid
300,"$14,800*",2009 Toyota Kluger Altitude Auto 2WD,"160,450 km",SUV,Automatic,6cyl 3.5L Petrol
300,"$68,490*",2021 Toyota Kluger Grande Auto eFour,"45,600 km",SUV,Automatic,2.5i/184kW Hybrid
300,"$52,970",2022 Toyota Kluger GX Auto 2WD,"21,805 km",SUV,Automatic,6cyl 3.5L Petrol
300,"$29,990*",2016 Toyota Kluger GX Auto 2WD,"143,922 km",SUV,Automatic,6cyl 3.5L Petrol
300,"$47,999*",2021 Toyota Kluger GX Auto 2WD,"27,963 km",SUV,Automatic,6cyl 3.5L Petrol
300,"$43,550*",2017 Toyota Kluger Grande Auto AWD,"86,167 km",SUV,Automatic,6cyl 3.5L Petrol
312,"$65,990*",2022 Toyota Kluger GX Auto eFour,18 km,SUV,Automatic,2.5i/184kW Hybrid
312,"$76,990*",2022 Toyota Kluger GXL Auto eFour,18 km,SUV,Automatic,2.5i/184kW Hybrid
312,"$38,990*",2016 Toyota Kluger Grande Auto 2WD,"82,698 km",SUV,Automatic,6cyl 3.5L Petrol
312,"$35,490*",2017 Toyota Kluger GXL Auto 2WD,"97,875 km",SUV,Automatic,6cyl 3.5L Petrol
312,"$70,000",2021 Toyota Kluger GXL Auto eFour,"39,210 km",SUV,Automatic,2.5i/184kW Hybrid
312,"$58,970",2019 Toyota Kluger Grande Auto AWD,"32,402 km",SUV,Automatic,6cyl 3.5L Petrol
312,"$27,990*",2018 Toyota Kluger GX Auto AWD,"180,567 km",SUV,Automatic,6cyl 3.5L Petrol
312,"$17,500*",2013 Toyota Kluger KX-R Auto 2WD,"260,000 km",SUV,Automatic,6cyl 3.5L Petrol
312,"$16,000*",2009 Toyota Kluger KX-S Auto AWD,"198,478 km",SUV,Automatic,6cyl 3.5L Petrol
312,"$42,990",2019 Toyota Kluger GX Auto AWD,"75,286 km",SUV,Automatic,6cyl 3.5L Petrol
312,"$29,990*",2013 Toyota Kluger Grande Auto AWD,"155,785 km",SUV,Automatic,6cyl 3.5L Petrol
312,"$89,990*",2023 Toyota Kluger Grande Auto AWD,910 km,SUV,Automatic,4cyl 2.4L Turbo Petrol
324,"$52,990*",2019 Toyota Kluger Black Edition Auto AWD,"54,251 km",SUV,Automatic,6cyl 3.5L Petrol
324,"$48,980*",2018 Toyota Kluger Grande Auto AWD,"59,872 km",SUV,Automatic,6cyl 3.5L Petrol
324,"$17,970",2008 Toyota Kluger KX-R Auto 2WD,"115,687 km",SUV,Automatic,6cyl 3.5L Petrol
324,"$41,800*",2017 Toyota Kluger GX Auto 2WD,"69,600 km",SUV,Automatic,6cyl 3.5L Petrol
324,"$59,485*",2021 Toyota Kluger GX Auto eFour,"47,637 km",SUV,Automatic,2.5i/184kW Hybrid
324,"$38,390*",2018 Toyota Kluger GX Auto AWD,"69,573 km",SUV,Automatic,6cyl 3.5L Petrol
324,"$47,990",2019 Toyota Kluger GXL Auto AWD,"60,097 km",SUV,Automatic,6cyl 3.5L Petrol
324,"$46,990",2019 Toyota Kluger GXL Auto 2WD,"61,525 km",SUV,Automatic,6cyl 3.5L Petrol
324,"$91,970",2023 Toyota Kluger Grande Auto eFour,50 km,SUV,Automatic,2.5i/184kW Hybrid
324,"$55,498",2018 Toyota Kluger Grande Auto 2WD,"14,347 km",SUV,Automatic,6cyl 3.5L Petrol
324,"$60,490*",2021 Toyota Kluger GX Auto eFour,"52,933 km",SUV,Automatic,2.5i/184kW Hybrid
324,"$46,500*",2019 Toyota Kluger GXL Auto AWD,"28,000 km",SUV,Automatic,6cyl 3.5L Petrol
336,"$43,990",2019 Toyota Kluger GX Auto 2WD,"42,082 km",SUV,Automatic,6cyl 3.5L Petrol
336,"$18,500*",2013 Toyota Kluger KX-S Auto 2WD,"252,000 km",SUV,Automatic,6cyl 3.5L Petrol
336,"$66,990*",2021 Toyota Kluger Grande Auto AWD,"25,771 km",SUV,Automatic,6cyl 3.5L Petrol
336,"$56,999*",2022 Toyota Kluger GX Auto eFour,"67,003 km",SUV,Automatic,2.5i/184kW Hybrid
336,"$47,988",2018 Toyota Kluger Grande Auto 2WD,"73,977 km",SUV,Automatic,6cyl 3.5L Petrol
336,"$57,000*",2021 Toyota Kluger GXL Auto AWD,"11,500 km",SUV,Automatic,6cyl 3.5L Petrol
336,"$69,990*",2022 Toyota Kluger Grande Auto 2WD,"18,180 km",SUV,Automatic,6cyl 3.5L Petrol
336,"$67,990*",2022 Toyota Kluger GX Auto eFour,45 km,SUV,Automatic,2.5i/184kW Hybrid
336,"$56,890*",2021 Toyota Kluger GX Auto eFour,"59,803 km",SUV,Automatic,2.5i/184kW Hybrid
336,"$65,990*",2021 Toyota Kluger GXL Auto eFour,"52,606 km",SUV,Automatic,2.5i/184kW Hybrid
336,"$56,980*",2021 Toyota Kluger GX Auto eFour,"55,061 km",SUV,Automatic,2.5i/184kW Hybrid
336,"$47,888*",2019 Toyota Kluger Grande Auto AWD,"84,923 km",SUV,Automatic,6cyl 3.5L Petrol
348,"$47,350*",2021 Toyota Kluger GX Auto 2WD,"39,713 km",SUV,Automatic,6cyl 3.5L Petrol
348,"$34,500*",2015 Toyota Kluger Grande Auto 2WD,"102,000 km",SUV,Automatic,6cyl 3.5L Petrol
348,"$8,995*",2004 Toyota Kluger CVX Auto AWD,"299,414 km",SUV,Automatic,6cyl 3.3L Petrol
348,"$65,000*",2021 Toyota Kluger GXL Auto eFour,"45,683 km",SUV,Automatic,2.5i/184kW Hybrid
348,"$42,990",2019 Toyota Kluger GXL Auto 2WD,"60,042 km",SUV,Automatic,6cyl 3.5L Petrol
348,"$46,000*",2019 Toyota Kluger Grande Auto 2WD,"59,256 km",SUV,Automatic,6cyl 3.5L Petrol
348,"$35,990*",2019 Toyota Kluger GX Auto 2WD,"79,756 km",SUV,Automatic,6cyl 3.5L Petrol
348,"$67,990*",2022 Toyota Kluger GX Auto eFour,46 km,SUV,Automatic,2.5i/184kW Hybrid
348,"$41,990",2019 Toyota Kluger GX Auto AWD,"73,715 km",SUV,Automatic,6cyl 3.5L Petrol
348,"$39,500*",2017 Toyota Kluger Grande Auto AWD,"95,600 km",SUV,Automatic,6cyl 3.5L Petrol
348,"$28,763*",2015 Toyota Kluger GX Auto AWD,"95,301 km",SUV,Automatic,6cyl 3.5L Petrol
348,"$27,900*",2009 Toyota Kluger KX-R Auto 2WD,"70,412 km",SUV,Automatic,6cyl 3.5L Petrol
360,"$15,500*",2011 Toyota Kluger KX-R Auto AWD MY11,"190,000 km",SUV,Automatic,6cyl 3.5L Petrol
360,"$73,990",2022 Toyota Kluger GXL Auto eFour,"2,012 km",SUV,Automatic,2.5i/184kW Hybrid
360,"$31,990",2018 Toyota Kluger GX Auto AWD,"146,481 km",SUV,Automatic,6cyl 3.5L Petrol
360,"$18,900*",2009 Toyota Kluger Grande Auto AWD,"110,000 km",SUV,Automatic,6cyl 3.5L Petrol
360,"$12,990*",2007 Toyota Kluger KX-S Auto 2WD,"260,296 km",SUV,Automatic,6cyl 3.5L Petrol
360,"$39,990*",2019 Toyota Kluger GX Auto AWD,"83,753 km",SUV,Automatic,6cyl 3.5L Petrol
360,"$37,990*",2019 Toyota Kluger GX Auto AWD,"75,138 km",SUV,Automatic,6cyl 3.5L Petrol
360,"$77,999*",2022 Toyota Kluger Grande Auto eFour,"11,520 km",SUV,Automatic,2.5i/184kW Hybrid
360,"$35,999*",2019 Toyota Kluger GXL Auto 2WD,"112,777 km",SUV,Automatic,6cyl 3.5L Petrol
360,"$26,500*",2014 Toyota Kluger GX Auto AWD,"105,320 km",SUV,Automatic,6cyl 3.5L Petrol
360,"$46,990",2019 Toyota Kluger Black Edition Auto 2WD,"73,083 km",SUV,Automatic,6cyl 3.5L Petrol
360,"$18,000*",2012 Toyota Kluger Altitude Auto 2WD MY12,"133,000 km",SUV,Automatic,6cyl 3.5L Petrol
372,"$71,850",2021 Toyota Kluger GXL Auto eFour,"50,559 km",SUV,Automatic,2.5i/184kW Hybrid
372,"$67,990*",2022 Toyota Kluger GX Auto eFour,62 km,SUV,Automatic,2.5i/184kW Hybrid
372,"$49,988*",2019 Toyota Kluger Black Edition Auto AWD,"84,924 km",SUV,Automatic,6cyl 3.5L Petrol
372,"$44,950*",2017 Toyota Kluger Grande Auto AWD,"69,000 km",SUV,Automatic,6cyl 3.5L Petrol
372,"$61,990*",2021 Toyota Kluger GX Auto eFour,"43,743 km",SUV,Automatic,2.5i/184kW Hybrid
372,"$36,990",2017 Toyota Kluger GX Auto 2WD,"60,789 km",SUV,Automatic,6cyl 3.5L Petrol
372,"$16,800*",2009 Toyota Kluger Grande Auto AWD,"272,400 km",SUV,Automatic,6cyl 3.5L Petrol
372,"$52,990",2022 Toyota Kluger GX Auto 2WD,"15,850 km",SUV,Automatic,6cyl 3.5L Petrol
372,"$38,500*",2018 Toyota Kluger GXL Auto 2WD,"99,491 km",SUV,Automatic,6cyl 3.5L Petrol
372,"$37,990*",2015 Toyota Kluger GXL Auto 2WD,"22,118 km",SUV,Automatic,6cyl 3.5L Petrol
372,"$25,750*",2016 Toyota Kluger GX Auto 2WD,"145,000 km",SUV,Automatic,6cyl 3.5L Petrol
372,"$41,888",2019 Toyota Kluger GXL Auto 2WD,"72,121 km",SUV,Automatic,6cyl 3.5L Petrol
384,"$26,990*",2013 Toyota Kluger Grande Auto AWD,"176,716 km",SUV,Automatic,6cyl 3.5L Petrol
384,"$17,490*",2011 Toyota Kluger KX-S Auto AWD MY11,"203,998 km",SUV,Automatic,6cyl 3.5L Petrol
384,"$37,888",2018 Toyota Kluger GX Auto 2WD,"78,591 km",SUV,Automatic,6cyl 3.5L Petrol
384,"$31,990*",2017 Toyota Kluger GX Auto 2WD,"97,109 km",SUV,Automatic,6cyl 3.5L Petrol
384,"$75,499*",2022 Toyota Kluger Grande Auto eFour,"19,500 km",SUV,Automatic,2.5i/184kW Hybrid
384,"$75,970",2022 Toyota Kluger GXL Auto eFour,"6,812 km",SUV,Automatic,2.5i/184kW Hybrid
384,"$65,900",2021 Toyota Kluger Grande Auto eFour,"83,827 km",SUV,Automatic,2.5i/184kW Hybrid
384,"$43,900",2017 Toyota Kluger Grande Auto 2WD,"77,148 km",SUV,Automatic,6cyl 3.5L Petrol
384,"$42,888*",2019 Toyota Kluger GXL Auto 2WD,"90,857 km",SUV,Automatic,6cyl 3.5L Petrol
384,"$31,990*",2015 Toyota Kluger Grande Auto 2WD,"134,094 km",SUV,Automatic,6cyl 3.5L Petrol
384,"$40,990*",2019 Toyota Kluger GXL Auto 2WD,"107,966 km",SUV,Automatic,6cyl 3.5L Petrol
384,"$13,400*",2009 Toyota Kluger KX-S Auto AWD,"229,700 km",SUV,Automatic,6cyl 3.5L Petrol
396,"$64,888",2021 Toyota Kluger GXL Auto eFour,"45,807 km",SUV,Automatic,2.5i/184kW Hybrid
396,"$49,888",2018 Toyota Kluger Grande Auto AWD,"92,192 km",SUV,Automatic,6cyl 3.5L Petrol
396,"$63,990*",2022 Toyota Kluger GX Auto eFour,"23,861 km",SUV,Automatic,2.5i/184kW Hybrid
396,"$33,000*",2016 Toyota Kluger Grande Auto AWD,"141,000 km",SUV,Automatic,6cyl 3.5L Petrol
396,"$16,500*",2010 Toyota Kluger KX-R Auto AWD,"169,000 km",SUV,Automatic,6cyl 3.5L Petrol
396,"$68,500*",2021 Toyota Kluger Grande Auto AWD,"25,546 km",SUV,Automatic,6cyl 3.5L Petrol
396,"$69,888",2023 Toyota Kluger GX Auto eFour,75 km,SUV,Automatic,2.5i/184kW Hybrid
396,"$44,990",2017 Toyota Kluger Grande Auto AWD,"98,213 km",SUV,Automatic,6cyl 3.5L Petrol
396,"$71,888*",2023 Toyota Kluger GXL Auto 2WD,112 km,SUV,Automatic,4cyl 2.4L Turbo Petrol
396,"$40,552",2019 Toyota Kluger GX Auto 2WD,"77,799 km",SUV,Automatic,6cyl 3.5L Petrol
396,"$35,000*",2015 Toyota Kluger Grande Auto AWD,"107,000 km",SUV,Automatic,6cyl 3.5L Petrol
396,"$66,500*",2021 Toyota Kluger GXL Auto eFour,"29,880 km",SUV,Automatic,2.5i/184kW Hybrid
408,"$51,000*",2019 Toyota Kluger Grande Auto AWD,"89,100 km",SUV,Automatic,6cyl 3.5L Petrol
408,"$43,990*",2019 Toyota Kluger Black Edition Auto AWD,"99,219 km",SUV,Automatic,6cyl 3.5L Petrol
408,"$31,990*",2017 Toyota Kluger GX Auto AWD,"118,917 km",SUV,Automatic,6cyl 3.5L Petrol
408,"$23,450*",2014 Toyota Kluger GXL Auto AWD,"170,000 km",SUV,Automatic,6cyl 3.5L Petrol
408,"$49,990",2019 Toyota Kluger GXL Auto AWD,"41,200 km",SUV,Automatic,6cyl 3.5L Petrol
408,"$44,999",2018 Toyota Kluger GXL Auto 2WD,"50,339 km",SUV,Automatic,6cyl 3.5L Petrol
408,"$38,990",2019 Toyota Kluger GX Auto AWD,"45,607 km",SUV,Automatic,6cyl 3.5L Petrol
408,"$29,999",2014 Toyota Kluger GXL Auto AWD,"142,303 km",SUV,Automatic,6cyl 3.5L Petrol
408,"$10,490*",2008 Toyota Kluger KX-R Auto 2WD,"225,000 km",SUV,Automatic,6cyl 3.5L Petrol
408,"$33,950*",2016 Toyota Kluger GXL Auto 2WD,"112,579 km",SUV,Automatic,6cyl 3.5L Petrol
408,"$31,888*",2016 Toyota Kluger GXL Auto 2WD,"91,327 km",SUV,Automatic,6cyl 3.5L Petrol
408,"$66,990*",2021 Toyota Kluger GXL Auto eFour,"43,005 km",SUV,Automatic,2.5i/184kW Hybrid
420,"$45,000*",2018 Toyota Kluger Grande Auto AWD,"119,000 km",SUV,Automatic,6cyl 3.5L Petrol
420,"$34,998*",2017 Toyota Kluger GXL Auto 2WD,"97,183 km",SUV,Automatic,6cyl 3.5L Petrol
420,"$13,800*",2008 Toyota Kluger Grande Auto 2WD,"280,100 km",SUV,Automatic,6cyl 3.5L Petrol
420,"$8,800*",2008 Toyota Kluger KX-R Auto 2WD,"259,618 km",SUV,Automatic,6cyl 3.5L Petrol
420,"$33,500*",2015 Toyota Kluger GXL Auto AWD,"54,742 km",SUV,Automatic,6cyl 3.5L Petrol
420,"$29,500",2014 Toyota Kluger GX Auto 2WD,"111,292 km",SUV,Automatic,6cyl 3.5L Petrol
420,"$37,990",2018 Toyota Kluger GX Auto 2WD,"54,124 km",SUV,Automatic,6cyl 3.5L Petrol
420,"$14,000*",2010 Toyota Kluger KX-R Auto 2WD,"279,000 km",SUV,Automatic,6cyl 3.5L Petrol
420,"$37,990*",2017 Toyota Kluger Grande Auto AWD,"123,365 km",SUV,Automatic,6cyl 3.5L Petrol
420,"$26,990*",2015 Toyota Kluger GXL Auto 2WD,"151,902 km",SUV,Automatic,6cyl 3.5L Petrol
420,"$12,995*",2011 Toyota Kluger KX-S Auto 2WD MY11,"296,668 km",SUV,Automatic,6cyl 3.5L Petrol
420,"$14,700*",2008 Toyota Kluger Grande Auto 2WD,"297,247 km",SUV,Automatic,6cyl 3.5L Petrol
432,"$37,980*",2017 Toyota Kluger GXL Auto AWD,"130,484 km",SUV,Automatic,6cyl 3.5L Petrol
432,"$35,650",2019 Toyota Kluger GX Auto 2WD,"101,038 km",SUV,Automatic,6cyl 3.5L Petrol
432,"$22,500*",2012 Toyota Kluger Grande Auto AWD MY12,"210,000 km",SUV,Automatic,6cyl 3.5L Petrol
432,"$43,888",2018 Toyota Kluger GXL Auto AWD,"55,629 km",SUV,Automatic,6cyl 3.5L Petrol
432,"$36,800*",2017 Toyota Kluger GX Auto AWD,"104,000 km",SUV,Automatic,6cyl 3.5L Petrol
432,"$49,999*",2019 Toyota Kluger GXL Auto AWD,"32,000 km",SUV,Automatic,6cyl 3.5L Petrol
432,"$47,500*",2019 Toyota Kluger GXL Auto AWD,"30,986 km",SUV,Automatic,6cyl 3.5L Petrol
432,"$37,990",2017 Toyota Kluger GX Auto AWD,"72,172 km",SUV,Automatic,6cyl 3.5L Petrol
432,"$33,990*",2015 Toyota Kluger Grande Auto AWD,"100,346 km",SUV,Automatic,6cyl 3.5L Petrol
432,"$25,990*",2014 Toyota Kluger GX Auto AWD,"152,914 km",SUV,Automatic,6cyl 3.5L Petrol
432,"$68,990*",2021 Toyota Kluger GXL Auto eFour,"18,878 km",SUV,Automatic,2.5i/184kW Hybrid
432,"$59,999*",2019 Toyota Kluger Black Edition Auto 2WD,"26,442 km",SUV,Automatic,6cyl 3.5L Petrol
444,"$27,900*",2016 Toyota Kluger GX Auto 2WD,"72,095 km",SUV,Automatic,6cyl 3.5L Petrol
444,"$48,990*",2019 Toyota Kluger Black Edition Auto AWD,"86,717 km",SUV,Automatic,6cyl 3.5L Petrol
444,"$58,990",2019 Toyota Kluger Grande Auto AWD,"38,448 km",SUV,Automatic,6cyl 3.5L Petrol
444,"$38,990*",2019 Toyota Kluger GX Auto 2WD,"89,943 km",SUV,Automatic,6cyl 3.5L Petrol
444,"$35,500*",2018 Toyota Kluger GX Auto 2WD,"94,699 km",SUV,Automatic,6cyl 3.5L Petrol
444,"$36,989*",2019 Toyota Kluger GX Auto 2WD,"91,607 km",SUV,Automatic,6cyl 3.5L Petrol
444,"$21,719*",2013 Toyota Kluger Grande Auto 2WD,"150,949 km",SUV,Automatic,6cyl 3.5L Petrol
444,"$75,000*",2021 Toyota Kluger Grande Auto eFour,"25,600 km",SUV,Automatic,2.5i/184kW Hybrid
444,"$49,880",2019 Toyota Kluger Grande Auto 2WD,"37,631 km",SUV,Automatic,6cyl 3.5L Petrol
444,"$14,900*",2013 Toyota Kluger Altitude Auto AWD,"251,140 km",SUV,Automatic,6cyl 3.5L Petrol
444,"$71,000*",2021 Toyota Kluger Grande Auto AWD,"8,690 km",SUV,Automatic,6cyl 3.5L Petrol
444,"$52,990*",2022 Toyota Kluger GX Auto 2WD,"11,221 km",SUV,Automatic,6cyl 3.5L Petrol
456,"$26,000*",2013 Toyota Kluger Grande Auto AWD,"136,000 km",SUV,Automatic,6cyl 3.5L Petrol
456,"$18,500*",2010 Toyota Kluger Grande Auto 2WD,"211,000 km",SUV,Automatic,6cyl 3.5L Petrol
456,"$24,000*",2011 Toyota Kluger Grande Auto AWD MY11,"118,620 km",SUV,Automatic,6cyl 3.5L Petrol
456,"$79,968*",2022 Toyota Kluger Grande Auto eFour,"6,876 km",SUV,Automatic,2.5i/184kW Hybrid
456,"$73,517*",2022 Toyota Kluger Grande Auto AWD,"23,749 km",SUV,Automatic,6cyl 3.5L Petrol
456,"$72,690*",2023 Toyota Kluger GXL Auto eFour,105 km,SUV,Automatic,2.5i/184kW Hybrid
456,"$67,985*",2021 Toyota Kluger GXL Auto eFour,"19,491 km",SUV,Automatic,2.5i/184kW Hybrid
456,"$39,990*",2018 Toyota Kluger GX Auto AWD,"91,000 km",SUV,Automatic,6cyl 3.5L Petrol
456,"$34,990*",2015 Toyota Kluger GX Auto 2WD,"86,748 km",SUV,Automatic,6cyl 3.5L Petrol
456,"$69,991",2021 Toyota Kluger Grande Auto AWD,"29,500 km",SUV,Automatic,6cyl 3.5L Petrol
456,"$52,990*",2021 Toyota Kluger GXL Auto 2WD,"39,850 km",SUV,Automatic,6cyl 3.5L Petrol
456,"$46,880",2018 Toyota Kluger Grande Auto AWD,"60,125 km",SUV,Automatic,6cyl 3.5L Petrol
468,"$25,990*",2014 Toyota Kluger GXL Auto 2WD,"170,960 km",SUV,Automatic,6cyl 3.5L Petrol
468,"$66,990*",2021 Toyota Kluger GXL Auto eFour,"50,032 km",SUV,Automatic,2.5i/184kW Hybrid
468,"$33,790*",2016 Toyota Kluger GXL Auto 2WD,"73,068 km",SUV,Automatic,6cyl 3.5L Petrol
468,"$21,500*",2013 Toyota Kluger Altitude Auto AWD,"203,000 km",SUV,Automatic,6cyl 3.5L Petrol
468,"$66,000*",2022 Toyota Kluger GXL Auto eFour,"42,000 km",SUV,Automatic,2.5i/184kW Hybrid
468,"$34,950*",2017 Toyota Kluger GX Auto 2WD,"87,278 km",SUV,Automatic,6cyl 3.5L Petrol
468,"$32,000*",2016 Toyota Kluger GX Auto AWD,"104,000 km",SUV,Automatic,6cyl 3.5L Petrol
468,"$49,880",2019 Toyota Kluger GXL Auto 2WD,"19,346 km",SUV,Automatic,6cyl 3.5L Petrol
468,"$19,888*",2010 Toyota Kluger Grande Auto AWD MY11,"182,000 km",SUV,Automatic,6cyl 3.5L Petrol
468,"$79,990*",2022 Toyota Kluger GXL Auto eFour,"15,000 km",SUV,Automatic,2.5i/184kW Hybrid
468,"$45,990*",2016 Toyota Kluger Grande Auto 2WD,"35,645 km",SUV,Automatic,6cyl 3.5L Petrol
468,"$22,400*",2016 Toyota Kluger GX Auto 2WD,"231,250 km",SUV,Automatic,6cyl 3.5L Petrol
480,"$18,000*",2011 Toyota Kluger KX-S Auto 2WD MY11,"148,000 km",SUV,Automatic,6cyl 3.5L Petrol
480,"$35,980*",2018 Toyota Kluger GX Auto 2WD,"101,016 km",SUV,Automatic,6cyl 3.5L Petrol
480,"$31,000*",2015 Toyota Kluger GX Auto 2WD,"76,500 km",SUV,Automatic,6cyl 3.5L Petrol
480,"$27,000*",2014 Toyota Kluger GXL Auto 2WD,"86,673 km",SUV,Automatic,6cyl 3.5L Petrol
480,"$71,970",2023 Toyota Kluger GX Auto eFour,42 km,SUV,Automatic,2.5i/184kW Hybrid
480,"$64,999*",2023 Toyota Kluger GX Auto eFour,"11,122 km",SUV,Automatic,2.5i/184kW Hybrid
480,"$27,900*",2016 Toyota Kluger GX Auto 2WD,"132,300 km",SUV,Automatic,6cyl 3.5L Petrol
480,"$65,990",2022 Toyota Kluger GX Auto eFour,"27,687 km",SUV,Automatic,2.5i/184kW Hybrid
480,"$50,950",2021 Toyota Kluger GX Auto AWD,"49,794 km",SUV,Automatic,6cyl 3.5L Petrol
480,"$45,490",2019 Toyota Kluger GXL Auto 2WD,"29,270 km",SUV,Automatic,6cyl 3.5L Petrol
480,"$34,990",2019 Toyota Kluger GX Auto 2WD,"105,586 km",SUV,Automatic,6cyl 3.5L Petrol
480,"$64,888*",2021 Toyota Kluger Grande Auto 2WD,"29,165 km",SUV,Automatic,6cyl 3.5L Petrol
492,"$37,999",2018 Toyota Kluger GX Auto 2WD,"61,588 km",SUV,Automatic,6cyl 3.5L Petrol
492,"$31,998*",2016 Toyota Kluger GXL Auto AWD,"138,486 km",SUV,Automatic,6cyl 3.5L Petrol
492,"$77,490*",2023 Toyota Kluger GXL Auto eFour,"1,500 km",SUV,Automatic,2.5i/184kW Hybrid
492,"$32,561*",2014 Toyota Kluger Grande Auto AWD,"120,424 km",SUV,Automatic,6cyl 3.5L Petrol
492,"$14,999*",2011 Toyota Kluger KX-S Auto AWD MY11,"238,610 km",SUV,Automatic,6cyl 3.5L Petrol
492,"$70,970",2021 Toyota Kluger Grande Auto eFour,"62,130 km",SUV,Automatic,2.5i/184kW Hybrid
492,"$64,700*",2022 Toyota Kluger GX Auto 2WD,"5,919 km",SUV,Automatic,6cyl 3.5L Petrol
492,"$58,990*",2021 Toyota Kluger GX Auto eFour,"38,650 km",SUV,Automatic,2.5i/184kW Hybrid
492,"$39,000*",2017 Toyota Kluger Grande Auto AWD,"113,000 km",SUV,Automatic,6cyl 3.5L Petrol
492,"$38,999*",2018 Toyota Kluger GX Auto 2WD,"58,024 km",SUV,Automatic,6cyl 3.5L Petrol
492,"$55,000*",2019 Toyota Kluger Grande Auto AWD,"13,000 km",SUV,Automatic,6cyl 3.5L Petrol
492,"$46,888*",2019 Toyota Kluger Grande Auto 2WD,"91,590 km",SUV,Automatic,6cyl 3.5L Petrol
504,"$24,995*",2012 Toyota Kluger KX-S Auto AWD MY12,"166,149 km",SUV,Automatic,6cyl 3.5L Petrol
504,"$41,970",2019 Toyota Kluger GX Auto 2WD,"51,342 km",SUV,Automatic,6cyl 3.5L Petrol
504,"$31,880*",2017 Toyota Kluger GX Auto 2WD,"112,345 km",SUV,Automatic,6cyl 3.5L Petrol
504,"$22,500*",2013 Toyota Kluger Grande Auto AWD,"193,138 km",SUV,Automatic,6cyl 3.5L Petrol
504,"$69,950",2021 Toyota Kluger GXL Auto eFour,"23,066 km",SUV,Automatic,2.5i/184kW Hybrid
504,"$47,999*",2019 Toyota Kluger GXL Auto AWD,"54,429 km",SUV,Automatic,6cyl 3.5L Petrol
504,"$53,999*",2019 Toyota Kluger Black Edition Auto AWD,"35,228 km",SUV,Automatic,6cyl 3.5L Petrol
504,"$59,888*",2021 Toyota Kluger GX Auto eFour,"39,845 km",SUV,Automatic,2.5i/184kW Hybrid
504,"$60,999",2021 Toyota Kluger GX Auto eFour,"34,277 km",SUV,Automatic,2.5i/184kW Hybrid
504,"$14,995*",2011 Toyota Kluger Grande Auto AWD MY11,"278,423 km",SUV,Automatic,6cyl 3.5L Petrol
504,"$19,999*",2014 Toyota Kluger GX Auto AWD,"158,213 km",SUV,Automatic,6cyl 3.5L Petrol
504,"$46,789*",2018 Toyota Kluger GXL Auto AWD,"78,930 km",SUV,Automatic,6cyl 3.5L Petrol
516,"$25,999*",2010 Toyota Kluger KX-S Auto 2WD,"195,000 km",SUV,Automatic,6cyl 3.5L Petrol
516,"$49,990",2019 Toyota Kluger Grande Auto AWD,"62,131 km",SUV,Automatic,6cyl 3.5L Petrol
516,"$14,800*",2010 Toyota Kluger Altitude Auto 2WD,"220,852 km",SUV,Automatic,6cyl 3.5L Petrol
516,"$53,000*",2019 Toyota Kluger Grande Auto AWD,"58,000 km",SUV,Automatic,6cyl 3.5L Petrol
516,"$41,500*",2019 Toyota Kluger GXL Auto AWD,"75,400 km",SUV,Automatic,6cyl 3.5L Petrol
516,"$20,000*",2011 Toyota Kluger KX-S Auto AWD MY11,"196,000 km",SUV,Automatic,6cyl 3.5L Petrol
516,"$16,200*",2011 Toyota Kluger KX-R Auto AWD MY11,"211,524 km",SUV,Automatic,6cyl 3.5L Petrol
516,"$19,800*",2013 Toyota Kluger KX-S Auto AWD,"223,767 km",SUV,Automatic,6cyl 3.5L Petrol
516,"$12,000*",2008 Toyota Kluger KX-S Auto 2WD,"213,000 km",SUV,Automatic,6cyl 3.5L Petrol
516,"$68,000*",2021 Toyota Kluger Grande Auto AWD,"33,000 km",SUV,Automatic,6cyl 3.5L Petrol
516,"$66,900*",2021 Toyota Kluger Grande Auto AWD,"20,400 km",SUV,Automatic,6cyl 3.5L Petrol
516,"$19,000*",2012 Toyota Kluger KX-R Auto 2WD MY12,"203,000 km",SUV,Automatic,6cyl 3.5L Petrol
528,"$45,750*",2018 Toyota Kluger GXL Auto AWD,"58,000 km",SUV,Automatic,6cyl 3.5L Petrol
528,"$45,000*",2017 Toyota Kluger Grande Auto 2WD,"56,500 km",SUV,Automatic,6cyl 3.5L Petrol
528,"$34,490*",2014 Toyota Kluger GXL Auto AWD,"77,263 km",SUV,Automatic,6cyl 3.5L Petrol
528,"$33,500*",2015 Toyota Kluger GXL Auto AWD,"123,226 km",SUV,Automatic,6cyl 3.5L Petrol
528,"$68,000*",2022 Toyota Kluger GX Auto eFour,"9,388 km",SUV,Automatic,2.5i/184kW Hybrid
528,"$38,000*",2018 Toyota Kluger GXL Auto 2WD,"101,202 km",SUV,Automatic,6cyl 3.5L Petrol
528,"$35,900*",2019 Toyota Kluger GX Auto 2WD,"93,000 km",SUV,Automatic,6cyl 3.5L Petrol
528,"$7,999*",2010 Toyota Kluger KX-S Auto 2WD MY11,"320,000 km",SUV,Automatic,6cyl 3.5L Petrol
528,"$27,000*",2015 Toyota Kluger GX Auto 2WD,"150,500 km",SUV,Automatic,6cyl 3.5L Petrol
528,"$16,000*",2011 Toyota Kluger KX-R Auto 2WD MY11,"167,850 km",SUV,Automatic,6cyl 3.5L Petrol
528,"$75,000*",2021 Toyota Kluger Grande Auto eFour,"7,500 km",SUV,Automatic,2.5i/184kW Hybrid
528,"$31,000*",2014 Toyota Kluger Grande Auto 2WD,"107,000 km",SUV,Automatic,6cyl 3.5L Petrol
540,"$25,750*",2015 Toyota Kluger GX Auto 2WD,"145,000 km",SUV,Automatic,6cyl 3.5L Petrol
540,"$14,400*",2009 Toyota Kluger Grande Auto 2WD,"289,000 km",SUV,Automatic,6cyl 3.5L Petrol
540,"$42,800*",2019 Toyota Kluger GX Auto 2WD,"33,000 km",SUV,Automatic,6cyl 3.5L Petrol
540,"$25,500*",2015 Toyota Kluger GX Auto 2WD,"163,000 km",SUV,Automatic,6cyl 3.5L Petrol
540,"$14,990*",2012 Toyota Kluger KX-R Auto 2WD MY12,"230,400 km",SUV,Automatic,6cyl 3.5L Petrol
540,"$68,000*",2022 Toyota Kluger GXL Auto eFour,"32,500 km",SUV,Automatic,2.5i/184kW Hybrid
540,"$25,800*",2014 Toyota Kluger GX Auto 2WD,"110,054 km",SUV,Automatic,6cyl 3.5L Petrol
540,"$55,000*",2019 Toyota Kluger GXL Auto 2WD,"14,000 km",SUV,Automatic,6cyl 3.5L Petrol
540,"$75,000*",2021 Toyota Kluger Grande Auto eFour,"20,000 km",SUV,Automatic,2.5i/184kW Hybrid
540,"$29,300*",2014 Toyota Kluger GXL Auto 2WD,"135,000 km",SUV,Automatic,6cyl 3.5L Petrol
540,"$18,000*",2010 Toyota Kluger KX-R Auto 2WD,"155,849 km",SUV,Automatic,6cyl 3.5L Petrol
540,"$77,000*",2021 Toyota Kluger Grande Auto eFour,"12,240 km",SUV,Automatic,2.5i/184kW Hybrid
552,"$8,900*",2009 Toyota Kluger KX-R Auto 2WD,"280,000 km",SUV,Automatic,6cyl 3.5L Petrol
552,"$72,850*",2021 Toyota Kluger Grande Auto eFour,"19,250 km",SUV,Automatic,2.5i/184kW Hybrid
552,"$28,990*",2016 Toyota Kluger GX Auto AWD,"148,000 km",SUV,Automatic,6cyl 3.5L Petrol
552,"$30,000*",2015 Toyota Kluger GXL Auto 2WD,"185,000 km",SUV,Automatic,6cyl 3.5L Petrol
552,"$46,500*",2019 Toyota Kluger GXL Auto AWD,"21,000 km",SUV,Automatic,6cyl 3.5L Petrol
552,"$12,900*",2011 Toyota Kluger KX-R Auto 2WD MY11,"249,000 km",SUV,Automatic,6cyl 3.5L Petrol
552,"$30,000*",2016 Toyota Kluger GX Auto 2WD,"91,103 km",SUV,Automatic,6cyl 3.5L Petrol
552,"$33,000*",2017 Toyota Kluger GX Auto 2WD,"84,000 km",SUV,Automatic,6cyl 3.5L Petrol
552,"$64,999*",2021 Toyota Kluger Grande Auto AWD,"61,000 km",SUV,Automatic,6cyl 3.5L Petrol
552,"$31,000*",2015 Toyota Kluger GXL Auto AWD,"117,115 km",SUV,Automatic,6cyl 3.5L Petrol
552,"$53,000*",2018 Toyota Kluger Grande Auto AWD,"68,000 km",SUV,Automatic,6cyl 3.5L Petrol
552,"$37,000*",2018 Toyota Kluger GXL Auto 2WD,"73,911 km",SUV,Automatic,6cyl 3.5L Petrol
564,"$29,000*",2016 Toyota Kluger Grande Auto AWD,"139,852 km",SUV,Automatic,6cyl 3.5L Petrol
564,"$19,000*",2012 Toyota Kluger KX-R Auto AWD MY12,"189,000 km",SUV,Automatic,6cyl 3.5L Petrol
564,"$39,999*",2017 Toyota Kluger GX Auto AWD,"71,000 km",SUV,Automatic,6cyl 3.5L Petrol
564,"$16,500*",2009 Toyota Kluger KX-S Auto AWD,"174,064 km",SUV,Automatic,6cyl 3.5L Petrol
564,"$62,500*",2022 Toyota Kluger GX Auto eFour,"8,400 km",SUV,Automatic,2.5i/184kW Hybrid
564,"$29,500*",2017 Toyota Kluger GX Auto 2WD,"161,000 km",SUV,Automatic,6cyl 3.5L Petrol
564,"$45,000*",2018 Toyota Kluger GXL Auto 2WD,"34,946 km",SUV,Automatic,6cyl 3.5L Petrol
564,"$35,000*",2017 Toyota Kluger GX Auto 2WD,"75,000 km",SUV,Automatic,6cyl 3.5L Petrol
564,"$71,500*",2021 Toyota Kluger Grande Auto eFour,"24,193 km",SUV,Automatic,2.5i/184kW Hybrid
564,"$63,850*",2022 Toyota Kluger GXL Auto eFour,"30,000 km",SUV,Automatic,2.5i/184kW Hybrid
564,"$22,000*",2014 Toyota Kluger GXL Auto 2WD,"179,300 km",SUV,Automatic,6cyl 3.5L Petrol
564,"$12,500*",2007 Toyota Kluger KX-R Auto 2WD,"250,000 km",SUV,Automatic,6cyl 3.5L Petrol
576,"$51,000*",2019 Toyota Kluger Grande Auto AWD,"64,500 km",SUV,Automatic,6cyl 3.5L Petrol
576,"$43,000*",2018 Toyota Kluger GXL Auto 2WD,"51,000 km",SUV,Automatic,6cyl 3.5L Petrol
576,"$30,990*",2014 Toyota Kluger Grande Auto AWD,"147,500 km",SUV,Automatic,6cyl 3.5L Petrol
576,"$23,000*",2011 Toyota Kluger Grande Auto AWD MY11,"157,000 km",SUV,Automatic,6cyl 3.5L Petrol
576,"$12,500*",2012 Toyota Kluger KX-R Auto 2WD MY12,"245,000 km",SUV,Automatic,6cyl 3.5L Petrol
576,"$16,000*",2009 Toyota Kluger KX-R Auto AWD,"202,000 km",SUV,Automatic,6cyl 3.5L Petrol
576,"$21,900*",2015 Toyota Kluger GX Auto 2WD,"183,197 km",SUV,Automatic,6cyl 3.5L Petrol
576,"$44,000*",2016 Toyota Kluger Grande Auto AWD,"137,000 km",SUV,Automatic,6cyl 3.5L Petrol
576,"$38,000*",2019 Toyota Kluger GX Auto 2WD,"54,000 km",SUV,Automatic,6cyl 3.5L Petrol
576,"$41,800*",2019 Toyota Kluger GX Auto AWD,"54,450 km",SUV,Automatic,6cyl 3.5L Petrol
576,"$46,500*",2019 Toyota Kluger Grande Auto AWD,"73,400 km",SUV,Automatic,6cyl 3.5L Petrol
576,"$10,000*",2008 Toyota Kluger KX-S Auto AWD,"330,000 km",SUV,Automatic,6cyl 3.5L Petrol
588,"$43,500*",2019 Toyota Kluger GX Auto 2WD,"40,000 km",SUV,Automatic,6cyl 3.5L Petrol
588,"$12,500*",2008 Toyota Kluger KX-R Auto 2WD,"168,000 km",SUV,Automatic,6cyl 3.5L Petrol
588,"$42,000*",2019 Toyota Kluger GX Auto 2WD,"80,000 km",SUV,Automatic,6cyl 3.5L Petrol
588,"$23,995*",2016 Toyota Kluger GXL Auto AWD,"231,102 km",SUV,Automatic,6cyl 3.5L Petrol
588,"$17,999*",2012 Toyota Kluger Grande Auto 2WD MY12,"215,670 km",SUV,Automatic,6cyl 3.5L Petrol
588,"$55,000*",2021 Toyota Kluger GXL Auto AWD,"78,000 km",SUV,Automatic,6cyl 3.5L Petrol
588,"$59,500*",2019 Toyota Kluger Grande Auto AWD,"45,000 km",SUV,Automatic,6cyl 3.5L Petrol
588,"$59,990",2021 Toyota Kluger GX Auto eFour,"58,851 km",SUV,Automatic,2.5i/184kW Hybrid
588,"$33,000*",2013 Toyota Kluger Grande Auto AWD,"87,470 km",SUV,Automatic,6cyl 3.5L Petrol
588,"$29,900*",2015 Toyota Kluger GX Auto 2WD,"101,000 km",SUV,Automatic,6cyl 3.5L Petrol
588,"$46,990*",2019 Toyota Kluger GXL Auto AWD,"56,050 km",SUV,Automatic,6cyl 3.5L Petrol
588,"$15,000*",2011 Toyota Kluger KX-R Auto 2WD MY11,"290,000 km",SUV,Automatic,6cyl 3.5L Petrol
600,"$78,990*",2021 Toyota Kluger Grande Auto eFour,"25,000 km",SUV,Automatic,2.5i/184kW Hybrid
600,"$8,000*",2010 Toyota Kluger KX-R Auto AWD,"277,000 km",SUV,Automatic,6cyl 3.5L Petrol
600,"$27,995*",2015 Toyota Kluger GX Auto 2WD,"143,000 km",SUV,Automatic,6cyl 3.5L Petrol
600,"$49,000*",2022 Toyota Kluger GX Auto 2WD,"9,500 km",SUV,Automatic,6cyl 3.5L Petrol
600,"$25,900*",2015 Toyota Kluger GX Auto 2WD,"120,000 km",SUV,Automatic,6cyl 3.5L Petrol
600,"$15,990*",2012 Toyota Kluger KX-R Auto AWD MY12,"215,372 km",SUV,Automatic,6cyl 3.5L Petrol
600,"$25,500*",2016 Toyota Kluger GX Auto 2WD,"151,000 km",SUV,Automatic,6cyl 3.5L Petrol
600,"$18,000*",2010 Toyota Kluger KX-S Auto 2WD,"220,000 km",SUV,Automatic,6cyl 3.5L Petrol
600,"$43,000*",2019 Toyota Kluger Grande Auto AWD,"134,000 km",SUV,Automatic,6cyl 3.5L Petrol
600,"$16,900*",2011 Toyota Kluger Grande Auto AWD MY11,"170,000 km",SUV,Automatic,6cyl 3.5L Petrol
600,"$34,700*",2018 Toyota Kluger Grande Auto AWD,"187,700 km",SUV,Automatic,6cyl 3.5L Petrol
600,"$14,800*",2007 Toyota Kluger KX-S Auto AWD,"252,059 km",SUV,Automatic,6cyl 3.5L Petrol
612,"$15,250*",2008 Toyota Kluger Grande Auto AWD,"241,150 km",SUV,Automatic,6cyl 3.5L Petrol
612,"$16,500*",2011 Toyota Kluger KX-S Auto AWD MY11,"217,000 km",SUV,Automatic,6cyl 3.5L Petrol
612,"$32,990",2017 Toyota Kluger GXL Auto 2WD,"149,161 km",SUV,Automatic,6cyl 3.5L Petrol
612,"$76,990*",2021 Toyota Kluger Grande Auto eFour,"25,976 km",SUV,Automatic,2.5i/184kW Hybrid
612,"$26,950*",2016 Toyota Kluger GX Auto AWD,"165,828 km",SUV,Automatic,6cyl 3.5L Petrol
612,"$49,990*",2021 Toyota Kluger GXL Auto 2WD,"75,030 km",SUV,Automatic,6cyl 3.5L Petrol
612,"$62,990*",2021 Toyota Kluger GXL Auto eFour,"52,004 km",SUV,Automatic,2.5i/184kW Hybrid
612,"$35,979*",2019 Toyota Kluger GXL Auto 2WD,"103,232 km",SUV,Automatic,6cyl 3.5L Petrol
612,"$36,900*",2018 Toyota Kluger GX Auto 2WD,"40,451 km",SUV,Automatic,6cyl 3.5L Petrol
612,"$11,600*",2009 Toyota Kluger KX-S Auto AWD,"210,000 km",SUV,Automatic,6cyl 3.5L Petrol
612,"$49,888*",2018 Toyota Kluger GXL Auto 2WD,"72,291 km",SUV,Automatic,6cyl 3.5L Petrol
612,"$28,990*",2014 Toyota Kluger GXL Auto AWD,"137,959 km",SUV,Automatic,6cyl 3.5L Petrol
624,"$32,400*",2016 Toyota Kluger GX Auto 2WD,"73,684 km",SUV,Automatic,6cyl 3.5L Petrol
624,"$36,490",2019 Toyota Kluger GX Auto AWD,"92,381 km",SUV,Automatic,6cyl 3.5L Petrol
624,"$69,890*",2023 Toyota Kluger GX Auto eFour,74 km,SUV,Automatic,2.5i/184kW Hybrid
624,"$42,888",2018 Toyota Kluger GXL Auto AWD,"67,560 km",SUV,Automatic,6cyl 3.5L Petrol
624,"$32,999",2019 Toyota Kluger GX Auto AWD,"130,470 km",SUV,Automatic,6cyl 3.5L Petrol
624,"$31,490*",2018 Toyota Kluger GX Auto 2WD,"110,037 km",SUV,Automatic,6cyl 3.5L Petrol
624,"$59,900*",2021 Toyota Kluger GX Auto eFour,"26,000 km",SUV,Automatic,2.5i/184kW Hybrid
624,"$56,490*",2021 Toyota Kluger GX Auto eFour,"56,355 km",SUV,Automatic,2.5i/184kW Hybrid
624,"$33,000*",2016 Toyota Kluger GXL Auto AWD,"128,000 km",SUV,Automatic,6cyl 3.5L Petrol
624,"$5,990*",2006 Toyota Kluger CV Auto AWD MY06,"208,820 km",SUV,Automatic,6cyl 3.3L Petrol
624,"$39,990*",2019 Toyota Kluger GX Auto 2WD,"23,500 km",SUV,Automatic,6cyl 3.5L Petrol
624,"$33,000*",2018 Toyota Kluger GX Auto AWD,"118,000 km",SUV,Automatic,6cyl 3.5L Petrol
636,"$58,990*",2021 Toyota Kluger GX Auto eFour,"18,987 km",SUV,Automatic,2.5i/184kW Hybrid
636,"$35,990",2019 Toyota Kluger GX Auto 2WD,"107,331 km",SUV,Automatic,6cyl 3.5L Petrol
636,"$31,000*",2016 Toyota Kluger GX Auto 2WD,"58,700 km",SUV,Automatic,6cyl 3.5L Petrol
636,"$68,888",2021 Toyota Kluger GXL Auto eFour,"41,044 km",SUV,Automatic,2.5i/184kW Hybrid
636,"$35,900*",2017 Toyota Kluger GX Auto AWD,"102,000 km",SUV,Automatic,6cyl 3.5L Petrol
636,"$59,999",2021 Toyota Kluger GX Auto eFour,"47,988 km",SUV,Automatic,2.5i/184kW Hybrid
636,"$46,999*",2018 Toyota Kluger Grande Auto 2WD,"63,000 km",SUV,Automatic,6cyl 3.5L Petrol
636,"$35,500*",2015 Toyota Kluger Grande Auto 2WD,"90,000 km",SUV,Automatic,6cyl 3.5L Petrol
636,"$30,000*",2015 Toyota Kluger Grande Auto AWD,"158,900 km",SUV,Automatic,6cyl 3.5L Petrol
636,"$58,999",2021 Toyota Kluger GX Auto eFour,"49,300 km",SUV,Automatic,2.5i/184kW Hybrid
636,"$26,000*",2015 Toyota Kluger GX Auto AWD,"136,000 km",SUV,Automatic,6cyl 3.5L Petrol
636,"$43,000*",2019 Toyota Kluger GXL Auto AWD,"106,250 km",SUV,Automatic,6cyl 3.5L Petrol
648,"$33,990*",2017 Toyota Kluger GXL Auto 2WD,"124,147 km",SUV,Automatic,6cyl 3.5L Petrol
648,"$57,888",2021 Toyota Kluger GX Auto eFour,"55,507 km",SUV,Automatic,2.5i/184kW Hybrid
648,"$27,990*",2014 Toyota Kluger GXL Auto AWD,"92,500 km",SUV,Automatic,6cyl 3.5L Petrol
648,"$41,500*",2019 Toyota Kluger GX Auto AWD,"70,466 km",SUV,Automatic,6cyl 3.5L Petrol
648,"$33,990",2017 Toyota Kluger GXL Auto 2WD,"144,002 km",SUV,Automatic,6cyl 3.5L Petrol
648,"$6,700*",2005 Toyota Kluger CVX Auto AWD,"263,768 km",SUV,Automatic,6cyl 3.3L Petrol
648,"$76,999*",2022 Toyota Kluger Grande Auto eFour,"19,500 km",SUV,Automatic,2.5i/184kW Hybrid
648,"$25,000*",2016 Toyota Kluger GX Auto 2WD,"146,724 km",SUV,Automatic,6cyl 3.5L Petrol
648,"$55,990*",2022 Toyota Kluger GX Auto eFour,"25,000 km",SUV,Automatic,2.5i/184kW Hybrid
648,"$64,500*",2021 Toyota Kluger Grande Auto 2WD,"15,499 km",SUV,Automatic,6cyl 3.5L Petrol
648,"$33,000*",2017 Toyota Kluger GX Auto 2WD,"140,000 km",SUV,Automatic,6cyl 3.5L Petrol
648,"$37,000*",2018 Toyota Kluger GXL Auto 2WD,"70,000 km",SUV,Automatic,6cyl 3.5L Petrol
660,"$37,880*",2018 Toyota Kluger GX Auto 2WD,"81,342 km",SUV,Automatic,6cyl 3.5L Petrol
660,"$32,990*",2018 Toyota Kluger GX Auto 2WD,"116,586 km",SUV,Automatic,6cyl 3.5L Petrol
660,"$47,990*",2019 Toyota Kluger Black Edition Auto AWD,"26,895 km",SUV,Automatic,6cyl 3.5L Petrol
660,"$48,980",2017 Toyota Kluger Grande Auto 2WD,"58,719 km",SUV,Automatic,6cyl 3.5L Petrol
660,"$83,555*",2021 Toyota Kluger Grande Auto eFour,"2,436 km",SUV,Automatic,2.5i/184kW Hybrid
660,"$37,990",2019 Toyota Kluger GX Auto 2WD,"68,548 km",SUV,Automatic,6cyl 3.5L Petrol
660,"$33,980",2019 Toyota Kluger GX Auto 2WD,"92,594 km",SUV,Automatic,6cyl 3.5L Petrol
660,"$28,690*",2015 Toyota Kluger GX Auto AWD,"101,786 km",SUV,Automatic,6cyl 3.5L Petrol
660,"$18,990",2011 Toyota Kluger KX-R Auto 2WD MY11,"158,010 km",SUV,Automatic,6cyl 3.5L Petrol
660,"$47,990",2019 Toyota Kluger GXL Auto AWD,"35,101 km",SUV,Automatic,6cyl 3.5L Petrol
660,"$43,990",2019 Toyota Kluger Black Edition Auto AWD,"86,210 km",SUV,Automatic,6cyl 3.5L Petrol
660,"$41,390*",2018 Toyota Kluger Grande Auto 2WD,"95,851 km",SUV,Automatic,6cyl 3.5L Petrol
672,"$33,990",2016 Toyota Kluger GXL Auto 2WD,"123,330 km",SUV,Automatic,6cyl 3.5L Petrol
672,"$27,890*",2014 Toyota Kluger GX Auto AWD,"129,070 km",SUV,Automatic,6cyl 3.5L Petrol
672,"$63,970*",2021 Toyota Kluger Grande Auto 2WD,"26,898 km",SUV,Automatic,6cyl 3.5L Petrol
672,"$49,990*",2018 Toyota Kluger Grande Auto AWD,"49,603 km",SUV,Automatic,6cyl 3.5L Petrol
672,"$43,990",2018 Toyota Kluger GXL Auto 2WD,"62,300 km",SUV,Automatic,6cyl 3.5L Petrol
672,"$23,590*",2013 Toyota Kluger Grande Auto 2WD,"142,471 km",SUV,Automatic,6cyl 3.5L Petrol
672,"$61,990",2023 Toyota Kluger GX Auto eFour,"17,642 km",SUV,Automatic,2.5i/184kW Hybrid
672,"$61,880",2021 Toyota Kluger Grande Auto 2WD,"10,888 km",SUV,Automatic,6cyl 3.5L Petrol
672,"$18,990",2011 Toyota Kluger KX-R Auto 2WD MY11,"194,786 km",SUV,Automatic,6cyl 3.5L Petrol
672,"$59,887*",2021 Toyota Kluger GX Auto eFour,"62,293 km",SUV,Automatic,2.5i/184kW Hybrid
672,"$48,000*",2019 Toyota Kluger GXL Auto AWD,"20,456 km",SUV,Automatic,6cyl 3.5L Petrol
672,"$32,990*",2015 Toyota Kluger Grande Auto AWD,"161,279 km",SUV,Automatic,6cyl 3.5L Petrol
684,"$30,999",2015 Toyota Kluger GX Auto 2WD,"69,252 km",SUV,Automatic,6cyl 3.5L Petrol
684,"$21,995",2009 Toyota Kluger KX-S Auto 2WD,"227,415 km",SUV,Automatic,6cyl 3.5L Petrol
684,"$19,999*",2010 Toyota Kluger KX-R Auto AWD MY11,"192,000 km",SUV,Automatic,6cyl 3.5L Petrol
684,"$51,990*",2018 Toyota Kluger Grande Auto AWD,"68,832 km",SUV,Automatic,6cyl 3.5L Petrol
684,"$49,990",2021 Toyota Kluger GX Auto 2WD,"44,494 km",SUV,Automatic,6cyl 3.5L Petrol
684,"$20,998*",2012 Toyota Kluger Grande Auto 2WD MY12,"187,254 km",SUV,Automatic,6cyl 3.5L Petrol
684,"$16,990",2011 Toyota Kluger KX-R Auto 2WD MY11,"171,407 km",SUV,Automatic,6cyl 3.5L Petrol
684,"$37,990",2019 Toyota Kluger GX Auto AWD,"89,866 km",SUV,Automatic,6cyl 3.5L Petrol
684,"$34,993*",2017 Toyota Kluger GX Auto AWD,"113,072 km",SUV,Automatic,6cyl 3.5L Petrol
684,"$34,990*",2015 Toyota Kluger Grande Auto AWD,"126,893 km",SUV,Automatic,6cyl 3.5L Petrol
684,"$24,880*",2015 Toyota Kluger GX Auto AWD,"167,014 km",SUV,Automatic,6cyl 3.5L Petrol
684,"$16,990*",2013 Toyota Kluger KX-R Auto AWD,"230,935 km",SUV,Automatic,6cyl 3.5L Petrol
696,"$49,990",2019 Toyota Kluger Black Edition Auto AWD,"102,491 km",SUV,Automatic,6cyl 3.5L Petrol
696,"$35,980*",2016 Toyota Kluger GX Auto AWD,"94,334 km",SUV,Automatic,6cyl 3.5L Petrol
696,"$13,989",2009 Toyota Kluger KX-S Auto 2WD,"283,996 km",SUV,Automatic,6cyl 3.5L Petrol
696,"$10,999",2010 Toyota Kluger Altitude Auto 2WD,"257,852 km",SUV,Automatic,6cyl 3.5L Petrol
696,"$41,990",2018 Toyota Kluger GXL Auto 2WD,"80,807 km",SUV,Automatic,6cyl 3.5L Petrol
696,"$35,999*",2019 Toyota Kluger GX Auto 2WD,"86,711 km",SUV,Automatic,6cyl 3.5L Petrol
696,"$14,990",2008 Toyota Kluger KX-S Auto AWD,"196,089 km",SUV,Automatic,6cyl 3.5L Petrol
696,"$76,880*",2022 Toyota Kluger Grande Auto eFour,"26,012 km",SUV,Automatic,2.5i/184kW Hybrid
696,"$57,990",2021 Toyota Kluger GX Auto eFour,"50,684 km",SUV,Automatic,2.5i/184kW Hybrid
696,"$42,990*",2018 Toyota Kluger GXL Auto 2WD,"41,886 km",SUV,Automatic,6cyl 3.5L Petrol
696,"$28,990*",2015 Toyota Kluger GX Auto 2WD,"107,992 km",SUV,Automatic,6cyl 3.5L Petrol
696,"$28,950*",2018 Toyota Kluger GX Auto 2WD,"163,457 km",SUV,Automatic,6cyl 3.5L Petrol
708,"$47,990",2021 Toyota Kluger GX Auto 2WD,"48,303 km",SUV,Automatic,6cyl 3.5L Petrol
708,"$16,988*",2013 Toyota Kluger KX-R Auto 2WD,"197,927 km",SUV,Automatic,6cyl 3.5L Petrol
708,"$66,999*",2021 Toyota Kluger Grande Auto AWD,"38,214 km",SUV,Automatic,6cyl 3.5L Petrol
708,"$58,777",2019 Toyota Kluger Grande Auto AWD,"43,775 km",SUV,Automatic,6cyl 3.5L Petrol
708,"$58,500",2022 Toyota Kluger GXL Auto 2WD,"10,266 km",SUV,Automatic,6cyl 3.5L Petrol
708,"$48,990*",2017 Toyota Kluger GXL Auto AWD,"45,161 km",SUV,Automatic,6cyl 3.5L Petrol
708,"$69,950",2021 Toyota Kluger Grande Auto AWD,"17,280 km",SUV,Automatic,6cyl 3.5L Petrol
708,"$38,787",2018 Toyota Kluger GXL Auto 2WD,"90,477 km",SUV,Automatic,6cyl 3.5L Petrol
708,"$36,890*",2019 Toyota Kluger GX Auto 2WD,"74,581 km",SUV,Automatic,6cyl 3.5L Petrol
708,"$34,990",2019 Toyota Kluger GX Auto AWD,"85,690 km",SUV,Automatic,6cyl 3.5L Petrol
708,"$44,990",2019 Toyota Kluger GXL Auto AWD,"109,510 km",SUV,Automatic,6cyl 3.5L Petrol
708,"$16,990*",2007 Toyota Kluger KX-S Auto AWD,"213,608 km",SUV,Automatic,6cyl 3.5L Petrol
720,"$39,990",2019 Toyota Kluger GX Auto 2WD,"66,528 km",SUV,Automatic,6cyl 3.5L Petrol
720,"$41,215*",2018 Toyota Kluger GX Auto 2WD,"49,758 km",SUV,Automatic,6cyl 3.5L Petrol
720,"$37,990",2019 Toyota Kluger GXL Auto 2WD,"133,482 km",SUV,Automatic,6cyl 3.5L Petrol
720,"$14,490",2008 Toyota Kluger Grande Auto 2WD,"221,600 km",SUV,Automatic,6cyl 3.5L Petrol
720,"$72,990",2022 Toyota Kluger Grande Auto 2WD,"3,205 km",SUV,Automatic,6cyl 3.5L Petrol
720,"$69,990*",2023 Toyota Kluger GXL Auto AWD,44 km,SUV,Automatic,4cyl 2.4L Turbo Petrol
720,"$35,990*",2016 Toyota Kluger GXL Auto 2WD,"114,373 km",SUV,Automatic,6cyl 3.5L Petrol
720,"$17,990*",2011 Toyota Kluger KX-S Auto AWD MY11,"163,582 km",SUV,Automatic,6cyl 3.5L Petrol
720,"$30,888*",2014 Toyota Kluger GXL Auto AWD,"100,670 km",SUV,Automatic,6cyl 3.5L Petrol
720,"$21,790*",2012 Toyota Kluger Grande Auto 2WD MY12,"144,021 km",SUV,Automatic,6cyl 3.5L Petrol
720,"$66,990*",2022 Toyota Kluger GXL Auto eFour,"34,980 km",SUV,Automatic,2.5i/184kW Hybrid
720,"$45,990*",2017 Toyota Kluger Grande Auto AWD,"106,854 km",SUV,Automatic,6cyl 3.5L Petrol
732,"$48,990",2019 Toyota Kluger GXL Auto AWD,"38,514 km",SUV,Automatic,6cyl 3.5L Petrol
732,"$65,990*",2023 Toyota Kluger GX Auto eFour,"1,946 km",SUV,Automatic,2.5i/184kW Hybrid
732,"$44,950",2019 Toyota Kluger Black Edition Auto 2WD,"82,112 km",SUV,Automatic,6cyl 3.5L Petrol
732,"$16,888*",2011 Toyota Kluger KX-R Auto AWD MY11,"247,441 km",SUV,Automatic,6cyl 3.5L Petrol
732,"$44,990*",2017 Toyota Kluger Grande Auto AWD,"103,861 km",SUV,Automatic,6cyl 3.5L Petrol
732,"$37,990*",2018 Toyota Kluger GX Auto AWD,"170,427 km",SUV,Automatic,6cyl 3.5L Petrol
732,"$33,500*",2019 Toyota Kluger GXL Auto 2WD,"143,511 km",SUV,Automatic,6cyl 3.5L Petrol
732,"$31,444",2018 Toyota Kluger GX Auto 2WD,"128,602 km",SUV,Automatic,6cyl 3.5L Petrol
732,"$39,990*",2017 Toyota Kluger GXL Auto AWD,"84,687 km",SUV,Automatic,6cyl 3.5L Petrol
732,"$62,990*",2021 Toyota Kluger GX Auto eFour,"54,371 km",SUV,Automatic,2.5i/184kW Hybrid
732,"$61,895",2021 Toyota Kluger GX Auto eFour,"34,985 km",SUV,Automatic,2.5i/184kW Hybrid
732,"$39,990*",2015 Toyota Kluger GXL Auto 2WD,"60,985 km",SUV,Automatic,6cyl 3.5L Petrol
744,"$46,990",2019 Toyota Kluger GXL Auto 2WD,"86,865 km",SUV,Automatic,6cyl 3.5L Petrol
744,"$39,990",2018 Toyota Kluger GXL Auto 2WD,"103,967 km",SUV,Automatic,6cyl 3.5L Petrol
744,"$63,990",2021 Toyota Kluger GXL Auto eFour,"52,833 km",SUV,Automatic,2.5i/184kW Hybrid
744,"$47,990*",2019 Toyota Kluger Grande Auto AWD,"73,454 km",SUV,Automatic,6cyl 3.5L Petrol
744,"$34,770",2017 Toyota Kluger GX Auto AWD,"104,000 km",SUV,Automatic,6cyl 3.5L Petrol
744,"$22,999",2014 Toyota Kluger GXL Auto AWD,"210,500 km",SUV,Automatic,6cyl 3.5L Petrol
744,"$61,980*",2021 Toyota Kluger GX Auto eFour,"61,531 km",SUV,Automatic,2.5i/184kW Hybrid
744,"$54,999*",2021 Toyota Kluger GX Auto AWD,"18,712 km",SUV,Automatic,6cyl 3.5L Petrol
744,"$37,850*",2019 Toyota Kluger GX Auto 2WD,"54,909 km",SUV,Automatic,6cyl 3.5L Petrol
744,"$27,500*",2015 Toyota Kluger GXL Auto 2WD,"96,286 km",SUV,Automatic,6cyl 3.5L Petrol
744,"$16,990",2009 Toyota Kluger Altitude Auto AWD,"169,560 km",SUV,Automatic,6cyl 3.5L Petrol
744,"$37,990*",2019 Toyota Kluger GX Auto AWD,"71,653 km",SUV,Automatic,6cyl 3.5L Petrol
756,"$31,950*",2018 Toyota Kluger GX Auto 2WD,"132,765 km",SUV,Automatic,6cyl 3.5L Petrol
756,"$27,999*",2015 Toyota Kluger GXL Auto 2WD,"122,577 km",SUV,Automatic,6cyl 3.5L Petrol
756,"$53,888",2019 Toyota Kluger Grande Auto AWD,"50,800 km",SUV,Automatic,6cyl 3.5L Petrol
756,"$61,990*",2021 Toyota Kluger GXL Auto AWD,"13,676 km",SUV,Automatic,6cyl 3.5L Petrol
756,"$42,990",2019 Toyota Kluger GXL Auto 2WD,"117,873 km",SUV,Automatic,6cyl 3.5L Petrol
756,"$40,950*",2019 Toyota Kluger GX Auto 2WD,"46,430 km",SUV,Automatic,6cyl 3.5L Petrol
756,"$34,490*",2019 Toyota Kluger GX Auto AWD,"139,025 km",SUV,Automatic,6cyl 3.5L Petrol
756,"$25,999",2014 Toyota Kluger GX Auto 2WD,"138,762 km",SUV,Automatic,6cyl 3.5L Petrol
756,"$17,880*",2012 Toyota Kluger KX-R Auto AWD MY12,"175,249 km",SUV,Automatic,6cyl 3.5L Petrol
756,"$10,990",2008 Toyota Kluger KX-R Auto 2WD,"344,122 km",SUV,Automatic,6cyl 3.5L Petrol
756,"$68,880*",2022 Toyota Kluger Grande Auto AWD,"11,265 km",SUV,Automatic,6cyl 3.5L Petrol
756,"$47,880",2021 Toyota Kluger GX Auto 2WD,"42,934 km",SUV,Automatic,6cyl 3.5L Petrol
768,"$41,990*",2018 Toyota Kluger GXL Auto 2WD,"144,846 km",SUV,Automatic,6cyl 3.5L Petrol
768,"$24,990*",2015 Toyota Kluger GX Auto 2WD,"139,776 km",SUV,Automatic,6cyl 3.5L Petrol
768,"$53,980*",2021 Toyota Kluger GX Auto 2WD,"25,878 km",SUV,Automatic,6cyl 3.5L Petrol
768,"$14,990*",2010 Toyota Kluger KX-R Auto 2WD,"131,867 km",SUV,Automatic,6cyl 3.5L Petrol
768,"$12,499",2009 Toyota Kluger KX-R Auto 2WD,"263,051 km",SUV,Automatic,6cyl 3.5L Petrol
768,"$66,994*",2021 Toyota Kluger Grande Auto AWD,"23,000 km",SUV,Automatic,6cyl 3.5L Petrol
768,"$65,990",2021 Toyota Kluger Grande Auto 2WD,"31,429 km",SUV,Automatic,6cyl 3.5L Petrol
768,"$23,990*",2015 Toyota Kluger GXL Auto 2WD,"181,762 km",SUV,Automatic,6cyl 3.5L Petrol
768,"$42,990",2019 Toyota Kluger GX Auto 2WD,"78,495 km",SUV,Automatic,6cyl 3.5L Petrol
768,"$39,990*",2016 Toyota Kluger Grande Auto AWD,"79,226 km",SUV,Automatic,6cyl 3.5L Petrol
768,"$36,888*",2016 Toyota Kluger Grande Auto AWD,"132,274 km",SUV,Automatic,6cyl 3.5L Petrol
768,"$44,999*",2021 Toyota Kluger GX Auto 2WD,"72,656 km",SUV,Automatic,6cyl 3.5L Petrol
780,"$39,990",2017 Toyota Kluger Grande Auto AWD,"127,073 km",SUV,Automatic,6cyl 3.5L Petrol
780,"$33,990*",2016 Toyota Kluger GX Auto 2WD,"81,224 km",SUV,Automatic,6cyl 3.5L Petrol
780,"$53,990",2019 Toyota Kluger Black Edition Auto AWD,"30,614 km",SUV,Automatic,6cyl 3.5L Petrol
780,"$49,990",2019 Toyota Kluger GXL Auto AWD,"48,378 km",SUV,Automatic,6cyl 3.5L Petrol
780,"$23,950*",2015 Toyota Kluger GXL Auto AWD,"174,971 km",SUV,Automatic,6cyl 3.5L Petrol
780,"$83,699",2022 Toyota Kluger Grande Auto AWD,"2,800 km",SUV,Automatic,6cyl 3.5L Petrol
780,"$39,980",2018 Toyota Kluger GX Auto AWD,"77,930 km",SUV,Automatic,6cyl 3.5L Petrol
780,"$36,850*",2018 Toyota Kluger GXL Auto 2WD,"86,099 km",SUV,Automatic,6cyl 3.5L Petrol
780,"$27,997*",2016 Toyota Kluger GX Auto 2WD,"160,942 km",SUV,Automatic,6cyl 3.5L Petrol
780,"$16,990*",2011 Toyota Kluger KX-S Auto AWD MY11,"218,243 km",SUV,Automatic,6cyl 3.5L Petrol
780,"$59,990",2021 Toyota Kluger GX Auto eFour,"40,738 km",SUV,Automatic,2.5i/184kW Hybrid
780,"$39,990",2018 Toyota Kluger GXL Auto 2WD,"87,808 km",SUV,Automatic,6cyl 3.5L Petrol
792,"$35,990",2014 Toyota Kluger Grande Auto 2WD,"144,111 km",SUV,Automatic,6cyl 3.5L Petrol
792,"$31,900*",2017 Toyota Kluger GX Auto AWD,"92,080 km",SUV,Automatic,6cyl 3.5L Petrol
792,"$15,570",2008 Toyota Kluger KX-S Auto AWD,"210,256 km",SUV,Automatic,6cyl 3.5L Petrol
792,"$35,990*",2018 Toyota Kluger GX Auto AWD,"104,131 km",SUV,Automatic,6cyl 3.5L Petrol
792,"$76,990",2022 Toyota Kluger Grande Auto AWD,"3,915 km",SUV,Automatic,6cyl 3.5L Petrol
792,"$48,888*",2019 Toyota Kluger Black Edition Auto 2WD,"48,459 km",SUV,Automatic,6cyl 3.5L Petrol
792,"$59,990",2021 Toyota Kluger GX Auto eFour,"36,057 km",SUV,Automatic,2.5i/184kW Hybrid
792,"$38,990*",2019 Toyota Kluger GX Auto AWD,"91,500 km",SUV,Automatic,6cyl 3.5L Petrol
792,"$35,990*",2017 Toyota Kluger GX Auto AWD,"83,897 km",SUV,Automatic,6cyl 3.5L Petrol
792,"$16,991",2009 Toyota Kluger KX-S Auto 2WD,"212,983 km",SUV,Automatic,6cyl 3.5L Petrol
792,"$39,990",2018 Toyota Kluger GX Auto 2WD,"64,005 km",SUV,Automatic,6cyl 3.5L Petrol
792,"$43,990",2019 Toyota Kluger Black Edition Auto AWD,"101,076 km",SUV,Automatic,6cyl 3.5L Petrol
804,"$35,990",2019 Toyota Kluger GX Auto 2WD,"116,517 km",SUV,Automatic,6cyl 3.5L Petrol
804,"$69,990",2022 Toyota Kluger Grande Auto AWD,"36,255 km",SUV,Automatic,6cyl 3.5L Petrol
804,"$68,888",2021 Toyota Kluger Grande Auto AWD,"21,648 km",SUV,Automatic,6cyl 3.5L Petrol
804,"$45,888",2019 Toyota Kluger GXL Auto 2WD,"71,319 km",SUV,Automatic,6cyl 3.5L Petrol
804,"$30,990*",2015 Toyota Kluger Grande Auto 2WD,"152,389 km",SUV,Automatic,6cyl 3.5L Petrol
804,"$29,990",2014 Toyota Kluger GXL Auto AWD,"174,507 km",SUV,Automatic,6cyl 3.5L Petrol
804,"$29,995*",2015 Toyota Kluger GX Auto 2WD,"149,935 km",SUV,Automatic,6cyl 3.5L Petrol
804,"$54,990*",2022 Toyota Kluger GX Auto 2WD,"18,492 km",SUV,Automatic,6cyl 3.5L Petrol
804,"$40,990*",2018 Toyota Kluger GXL Auto AWD,"94,178 km",SUV,Automatic,6cyl 3.5L Petrol
804,"$27,990*",2014 Toyota Kluger GXL Auto 2WD,"143,349 km",SUV,Automatic,6cyl 3.5L Petrol
804,"$27,490*",2016 Toyota Kluger GX Auto 2WD,"154,603 km",SUV,Automatic,6cyl 3.5L Petrol
804,"$25,888*",2011 Toyota Kluger KX-S Auto AWD MY11,"87,000 km",SUV,Automatic,6cyl 3.5L Petrol
816,"$19,990*",2010 Toyota Kluger Grande Auto AWD MY11,"169,515 km",SUV,Automatic,6cyl 3.5L Petrol
816,"$75,990*",2023 Toyota Kluger GXL Auto eFour,300 km,SUV,Automatic,2.5i/184kW Hybrid
816,"$67,990",2021 Toyota Kluger Grande Auto 2WD,"6,313 km",SUV,Automatic,6cyl 3.5L Petrol
816,"$30,990*",2016 Toyota Kluger GX Auto 2WD,"70,376 km",SUV,Automatic,6cyl 3.5L Petrol
816,"$65,950",2022 Toyota Kluger GX Auto eFour,209 km,SUV,Automatic,2.5i/184kW Hybrid
816,"$56,990*",2021 Toyota Kluger GXL Auto 2WD,"24,571 km",SUV,Automatic,6cyl 3.5L Petrol
816,"$47,990*",2019 Toyota Kluger GXL Auto AWD,"60,000 km",SUV,Automatic,6cyl 3.5L Petrol
816,"$19,990*",2011 Toyota Kluger KX-R Auto AWD MY11,"183,647 km",SUV,Automatic,6cyl 3.5L Petrol
816,"$71,990*",2022 Toyota Kluger GXL Auto eFour,"15,481 km",SUV,Automatic,2.5i/184kW Hybrid
816,"$77,800*",2023 Toyota Kluger GXL Auto eFour,30 km,SUV,Automatic,2.5i/184kW Hybrid
816,"$64,880*",2022 Toyota Kluger Grande Auto 2WD,"19,203 km",SUV,Automatic,6cyl 3.5L Petrol
816,"$53,990*",2022 Toyota Kluger GX Auto 2WD,"10,702 km",SUV,Automatic,6cyl 3.5L Petrol
828,"$49,990*",2019 Toyota Kluger GXL Auto AWD,"34,275 km",SUV,Automatic,6cyl 3.5L Petrol
828,"$38,990",2019 Toyota Kluger GX Auto AWD,"63,557 km",SUV,Automatic,6cyl 3.5L Petrol
828,"$36,990",2018 Toyota Kluger GX Auto AWD,"126,474 km",SUV,Automatic,6cyl 3.5L Petrol
828,"$37,490",2019 Toyota Kluger GX Auto AWD,"84,677 km",SUV,Automatic,6cyl 3.5L Petrol
828,"$28,990",2014 Toyota Kluger GXL Auto AWD,"180,500 km",SUV,Automatic,6cyl 3.5L Petrol
828,"$17,990*",2013 Toyota Kluger KX-R Auto AWD,"213,760 km",SUV,Automatic,6cyl 3.5L Petrol
828,"$49,990",2021 Toyota Kluger GX Auto 2WD,"41,680 km",SUV,Automatic,6cyl 3.5L Petrol
828,"$32,880*",2019 Toyota Kluger GX Auto AWD,"110,102 km",SUV,Automatic,6cyl 3.5L Petrol
828,"$63,990*",2021 Toyota Kluger Grande Auto AWD,"50,090 km",SUV,Automatic,6cyl 3.5L Petrol
828,"$33,997",2015 Toyota Kluger Grande Auto AWD,"161,739 km",SUV,Automatic,6cyl 3.5L Petrol
828,"$26,990*",2015 Toyota Kluger GXL Auto 2WD,"146,695 km",SUV,Automatic,6cyl 3.5L Petrol
828,"$59,998*",2021 Toyota Kluger GX Auto eFour,"26,198 km",SUV,Automatic,2.5i/184kW Hybrid
840,"$48,990",2017 Toyota Kluger Grande Auto AWD,"95,310 km",SUV,Automatic,6cyl 3.5L Petrol
840,"$43,990",2019 Toyota Kluger GX Auto AWD,"51,970 km",SUV,Automatic,6cyl 3.5L Petrol
840,"$37,990",2018 Toyota Kluger GX Auto AWD,"66,030 km",SUV,Automatic,6cyl 3.5L Petrol
840,"$37,990*",2019 Toyota Kluger GX Auto 2WD,"74,152 km",SUV,Automatic,6cyl 3.5L Petrol
840,"$9,488",2007 Toyota Kluger KX-S Auto 2WD,"301,519 km",SUV,Automatic,6cyl 3.5L Petrol
840,"$39,990*",2019 Toyota Kluger GX Auto AWD,"61,625 km",SUV,Automatic,6cyl 3.5L Petrol
840,"$19,990",2014 Toyota Kluger GX Auto 2WD,"222,788 km",SUV,Automatic,6cyl 3.5L Petrol
840,"$39,960*",2017 Toyota Kluger GXL Auto 2WD,"84,811 km",SUV,Automatic,6cyl 3.5L Petrol
840,"$54,555*",2021 Toyota Kluger GX Auto eFour,"79,967 km",SUV,Automatic,2.5i/184kW Hybrid
840,"$49,990*",2021 Toyota Kluger GX Auto 2WD,"20,965 km",SUV,Automatic,6cyl 3.5L Petrol
840,"$31,990",2015 Toyota Kluger GX Auto AWD,"153,050 km",SUV,Automatic,6cyl 3.5L Petrol
852,"$17,990*",2013 Toyota Kluger KX-R Auto 2WD,"167,710 km",SUV,Automatic,6cyl 3.5L Petrol
852,"$36,990",2019 Toyota Kluger GX Auto 2WD,"106,792 km",SUV,Automatic,6cyl 3.5L Petrol
852,"$69,990",2022 Toyota Kluger GXL Auto AWD,"5,544 km",SUV,Automatic,6cyl 3.5L Petrol
852,"$64,990",2022 Toyota Kluger GXL Auto AWD,"23,362 km",SUV,Automatic,6cyl 3.5L Petrol
852,"$46,990*",2019 Toyota Kluger Grande Auto AWD,"79,339 km",SUV,Automatic,6cyl 3.5L Petrol
852,"$32,800",2014 Toyota Kluger Grande Auto 2WD,"90,102 km",SUV,Automatic,6cyl 3.5L Petrol
852,"$19,926*",2014 Toyota Kluger GXL Auto 2WD,"214,020 km",SUV,Automatic,6cyl 3.5L Petrol
852,"$31,989",2015 Toyota Kluger GXL Auto 2WD,"164,087 km",SUV,Automatic,6cyl 3.5L Petrol
852,"$29,774",2015 Toyota Kluger GXL Auto 2WD,"157,498 km",SUV,Automatic,6cyl 3.5L Petrol
852,"$72,895",2022 Toyota Kluger Grande Auto 2WD,"5,918 km",SUV,Automatic,6cyl 3.5L Petrol
852,"$42,777*",2019 Toyota Kluger GX Auto 2WD,"23,095 km",SUV,Automatic,6cyl 3.5L Petrol
852,"$19,979*",2012 Toyota Kluger Altitude Auto 2WD MY12,"153,338 km",SUV,Automatic,6cyl 3.5L Petrol
864,"$38,890*",2019 Toyota Kluger GX Auto 2WD,"70,811 km",SUV,Automatic,6cyl 3.5L Petrol
864,"$34,990",2016 Toyota Kluger GXL Auto 2WD,"94,595 km",SUV,Automatic,6cyl 3.5L Petrol
864,"$27,888*",2012 Toyota Kluger Grande Auto AWD MY12,"164,454 km",SUV,Automatic,6cyl 3.5L Petrol
864,"$72,888*",2023 Toyota Kluger GXL Auto eFour,"5,953 km",SUV,Automatic,2.5i/184kW Hybrid
864,"$73,990",2021 Toyota Kluger Grande Auto eFour,"51,261 km",SUV,Automatic,2.5i/184kW Hybrid
864,"$65,990*",2021 Toyota Kluger GX Auto eFour,"18,332 km",SUV,Automatic,2.5i/184kW Hybrid
864,"$23,999*",2014 Toyota Kluger GX Auto AWD,"159,625 km",SUV,Automatic,6cyl 3.5L Petrol
864,"$38,990*",2019 Toyota Kluger GXL Auto 2WD,"137,120 km",SUV,Automatic,6cyl 3.5L Petrol
864,"$33,990*",2014 Toyota Kluger Grande Auto 2WD,"111,318 km",SUV,Automatic,6cyl 3.5L Petrol
864,"$22,990*",2015 Toyota Kluger GXL Auto 2WD,"218,602 km",SUV,Automatic,6cyl 3.5L Petrol
864,"$61,990*",2022 Toyota Kluger GX Auto eFour,"24,697 km",SUV,Automatic,2.5i/184kW Hybrid
864,"$28,999*",2017 Toyota Kluger GX Auto 2WD,"195,337 km",SUV,Automatic,6cyl 3.5L Petrol
876,"$49,990*",2021 Toyota Kluger GX Auto AWD,"26,863 km",SUV,Automatic,6cyl 3.5L Petrol
876,"$44,589",2019 Toyota Kluger GXL Auto 2WD,"70,900 km",SUV,Automatic,6cyl 3.5L Petrol
876,"$30,980*",2015 Toyota Kluger Grande Auto 2WD,"185,559 km",SUV,Automatic,6cyl 3.5L Petrol
876,"$40,977",2018 Toyota Kluger GXL Auto 2WD,"62,147 km",SUV,Automatic,6cyl 3.5L Petrol
876,"$68,990",2021 Toyota Kluger GXL Auto eFour,"44,964 km",SUV,Automatic,2.5i/184kW Hybrid
876,"$58,977",2021 Toyota Kluger GX Auto eFour,"30,232 km",SUV,Automatic,2.5i/184kW Hybrid
876,"$56,990*",2021 Toyota Kluger GX Auto eFour,"58,261 km",SUV,Automatic,2.5i/184kW Hybrid
876,"$29,899",2016 Toyota Kluger GX Auto 2WD,"96,196 km",SUV,Automatic,6cyl 3.5L Petrol
876,"$17,980*",2014 Toyota Kluger GX Auto AWD,"246,192 km",SUV,Automatic,6cyl 3.5L Petrol
876,"$49,880*",2019 Toyota Kluger Grande Auto AWD,"43,528 km",SUV,Automatic,6cyl 3.5L Petrol
876,"$37,990*",2016 Toyota Kluger Grande Auto AWD,"84,123 km",SUV,Automatic,6cyl 3.5L Petrol
876,"$14,999",2012 Toyota Kluger KX-S Auto 2WD MY12,"208,476 km",SUV,Automatic,6cyl 3.5L Petrol
888,"$74,910*",2021 Toyota Kluger Grande Auto eFour,"25,651 km",SUV,Automatic,2.5i/184kW Hybrid
888,"$34,999*",2019 Toyota Kluger GX Auto 2WD,"121,400 km",SUV,Automatic,6cyl 3.5L Petrol
888,"$33,990*",2018 Toyota Kluger GXL Auto 2WD,"154,281 km",SUV,Automatic,6cyl 3.5L Petrol
888,"$41,990*",2019 Toyota Kluger GX Auto 2WD,"62,167 km",SUV,Automatic,6cyl 3.5L Petrol
888,"$35,990",2019 Toyota Kluger GXL Auto 2WD,"102,253 km",SUV,Automatic,6cyl 3.5L Petrol
888,"$65,990",2022 Toyota Kluger GXL Auto eFour,"25,988 km",SUV,Automatic,2.5i/184kW Hybrid
888,"$59,900",2022 Toyota Kluger GXL Auto 2WD,"10,300 km",SUV,Automatic,6cyl 3.5L Petrol
888,"$41,990",2019 Toyota Kluger GXL Auto 2WD,"70,362 km",SUV,Automatic,6cyl 3.5L Petrol
888,"$37,990*",2015 Toyota Kluger Grande Auto AWD,"105,702 km",SUV,Automatic,6cyl 3.5L Petrol
888,"$31,989*",2018 Toyota Kluger GX Auto 2WD,"119,591 km",SUV,Automatic,6cyl 3.5L Petrol
888,"$24,990*",2015 Toyota Kluger GXL Auto 2WD,"176,316 km",SUV,Automatic,6cyl 3.5L Petrol
888,"$20,990*",2012 Toyota Kluger Grande Auto AWD MY12,"219,311 km",SUV,Automatic,6cyl 3.5L Petrol
900,"$19,990*",2014 Toyota Kluger Grande Auto 2WD,"306,522 km",SUV,Automatic,6cyl 3.5L Petrol
900,"$43,990*",2019 Toyota Kluger GXL Auto 2WD,"35,560 km",SUV,Automatic,6cyl 3.5L Petrol
900,"$33,760*",2018 Toyota Kluger GX Auto AWD,"95,011 km",SUV,Automatic,6cyl 3.5L Petrol
900,"$48,990*",2018 Toyota Kluger GXL Auto AWD,"37,350 km",SUV,Automatic,6cyl 3.5L Petrol
900,"$37,990*",2019 Toyota Kluger GX Auto 2WD,"82,030 km",SUV,Automatic,6cyl 3.5L Petrol
900,"$34,900*",2019 Toyota Kluger GXL Auto AWD,"153,124 km",SUV,Automatic,6cyl 3.5L Petrol
900,"$12,990*",2004 Toyota Kluger Grande Auto AWD,"209,431 km",SUV,Automatic,6cyl 3.3L Petrol
900,"$64,990",2023 Toyota Kluger GX Auto 2WD,"2,295 km",SUV,Automatic,4cyl 2.4L Turbo Petrol
900,"$39,990",2019 Toyota Kluger GX Auto 2WD,"77,317 km",SUV,Automatic,6cyl 3.5L Petrol
900,"$29,990",2015 Toyota Kluger GXL Auto AWD,"123,079 km",SUV,Automatic,6cyl 3.5L Petrol
900,"$57,000*",2021 Toyota Kluger Grande Auto AWD,"74,600 km",SUV,Automatic,6cyl 3.5L Petrol
900,"$49,990",2019 Toyota Kluger GXL Auto AWD,"34,500 km",SUV,Automatic,6cyl 3.5L Petrol
912,"$43,990*",2017 Toyota Kluger GXL Auto AWD,"14,104 km",SUV,Automatic,6cyl 3.5L Petrol
912,"$35,500*",2016 Toyota Kluger GX Auto 2WD,"56,500 km",SUV,Automatic,6cyl 3.5L Petrol
912,"$32,500*",2017 Toyota Kluger GXL Auto 2WD,"176,500 km",SUV,Automatic,6cyl 3.5L Petrol
912,"$19,990*",2013 Toyota Kluger KX-R Auto 2WD,"219,529 km",SUV,Automatic,6cyl 3.5L Petrol
912,"$14,999",2008 Toyota Kluger KX-S Auto AWD,"257,810 km",SUV,Automatic,6cyl 3.5L Petrol
912,"$78,880",2021 Toyota Kluger Grande Auto eFour,"10,982 km",SUV,Automatic,2.5i/184kW Hybrid
912,"$39,990*",2018 Toyota Kluger Grande Auto AWD,"127,123 km",SUV,Automatic,6cyl 3.5L Petrol
912,"$25,500*",2011 Toyota Kluger Grande Auto AWD MY11,"200,000 km",SUV,Automatic,6cyl 3.5L Petrol
912,"$12,000*",2010 Toyota Kluger KX-R Auto AWD MY11,"209,472 km",SUV,Automatic,6cyl 3.5L Petrol
912,"$43,894",2018 Toyota Kluger GXL Auto 2WD,"33,770 km",SUV,Automatic,6cyl 3.5L Petrol
912,"$31,888",2015 Toyota Kluger GXL Auto 2WD,"91,187 km",SUV,Automatic,6cyl 3.5L Petrol
912,"$46,000*",2018 Toyota Kluger GXL Auto 2WD,"52,200 km",SUV,Automatic,6cyl 3.5L Petrol
924,"$45,500*",2019 Toyota Kluger GXL Auto 2WD,"39,000 km",SUV,Automatic,6cyl 3.5L Petrol
924,"$38,990",2018 Toyota Kluger Grande Auto AWD,"106,343 km",SUV,Automatic,6cyl 3.5L Petrol
924,"$36,880*",2018 Toyota Kluger GX Auto AWD,"94,927 km",SUV,Automatic,6cyl 3.5L Petrol
924,"$36,990",2018 Toyota Kluger GX Auto AWD,"87,169 km",SUV,Automatic,6cyl 3.5L Petrol
924,"$33,990",2018 Toyota Kluger GX Auto 2WD,"80,989 km",SUV,Automatic,6cyl 3.5L Petrol
924,"$29,950*",2013 Toyota Kluger Grande Auto AWD,"99,971 km",SUV,Automatic,6cyl 3.5L Petrol
924,"$24,990*",2014 Toyota Kluger GX Auto 2WD,"166,219 km",SUV,Automatic,6cyl 3.5L Petrol
924,"$19,999*",2013 Toyota Kluger Altitude Auto 2WD,"171,277 km",SUV,Automatic,6cyl 3.5L Petrol
924,"$19,800*",2013 Toyota Kluger KX-R Auto 2WD,"115,458 km",SUV,Automatic,6cyl 3.5L Petrol
924,"$19,500*",2008 Toyota Kluger Grande Auto AWD,"144,534 km",SUV,Automatic,6cyl 3.5L Petrol
924,"$16,000*",2010 Toyota Kluger KX-S Auto 2WD MY11,"250,000 km",SUV,Automatic,6cyl 3.5L Petrol
924,"$15,800*",2009 Toyota Kluger Grande Auto 2WD,"204,000 km",SUV,Automatic,6cyl 3.5L Petrol
936,"$63,990",2022 Toyota Kluger GX Auto eFour,"12,242 km",SUV,Automatic,2.5i/184kW Hybrid
936,"$40,490",2017 Toyota Kluger GX Auto 2WD,"82,597 km",SUV,Automatic,6cyl 3.5L Petrol
936,"$36,990*",2017 Toyota Kluger GXL Auto 2WD,"75,896 km",SUV,Automatic,6cyl 3.5L Petrol
936,"$34,800*",2017 Toyota Kluger GX Auto AWD,"153,800 km",SUV,Automatic,6cyl 3.5L Petrol
936,"$16,990",2010 Toyota Kluger KX-R Auto 2WD,"175,121 km",SUV,Automatic,6cyl 3.5L Petrol
936,"$11,000*",2009 Toyota Kluger KX-S Auto AWD,"286,010 km",SUV,Automatic,6cyl 3.5L Petrol
936,"$57,887*",2021 Toyota Kluger GX Auto eFour,"60,303 km",SUV,Automatic,2.5i/184kW Hybrid
936,"$41,500*",2018 Toyota Kluger GX Auto 2WD,"23,000 km",SUV,Automatic,6cyl 3.5L Petrol
936,"$19,990*",2012 Toyota Kluger KX-S Auto AWD MY12,"187,620 km",SUV,Automatic,6cyl 3.5L Petrol
936,"$65,989*",2021 Toyota Kluger GXL Auto eFour,"55,682 km",SUV,Automatic,2.5i/184kW Hybrid
936,"$57,990",2019 Toyota Kluger Grande Auto AWD,"39,955 km",SUV,Automatic,6cyl 3.5L Petrol
936,"$34,990",2015 Toyota Kluger GXL Auto 2WD,"74,687 km",SUV,Automatic,6cyl 3.5L Petrol
948,"$15,500*",2013 Toyota Kluger KX-R Auto 2WD,"324,000 km",SUV,Automatic,6cyl 3.5L Petrol
948,"$15,000*",2013 Toyota Kluger KX-R Auto AWD,"160,000 km",SUV,Automatic,6cyl 3.5L Petrol
948,"$11,900*",2005 Toyota Kluger CV Auto AWD MY06,"129,641 km",SUV,Automatic,6cyl 3.3L Petrol
948,"$71,990",2022 Toyota Kluger GXL Auto eFour,"13,967 km",SUV,Automatic,2.5i/184kW Hybrid
948,"$67,990",2021 Toyota Kluger GXL Auto eFour,"45,298 km",SUV,Automatic,2.5i/184kW Hybrid
948,"$56,000*",2019 Toyota Kluger Black Edition Auto AWD,"35,358 km",SUV,Automatic,6cyl 3.5L Petrol
948,"$50,990",2018 Toyota Kluger Grande Auto AWD,"65,139 km",SUV,Automatic,6cyl 3.5L Petrol
948,"$34,990",2015 Toyota Kluger GXL Auto AWD,"120,958 km",SUV,Automatic,6cyl 3.5L Petrol
948,"$20,500*",2015 Toyota Kluger GX Auto 2WD,"219,000 km",SUV,Automatic,6cyl 3.5L Petrol
948,"$11,396*",2008 Toyota Kluger Grande Auto AWD,"349,910 km",SUV,Automatic,6cyl 3.5L Petrol
948,"$38,990*",2018 Toyota Kluger GXL Auto AWD,"107,127 km",SUV,Automatic,6cyl 3.5L Petrol
948,"$74,950*",2022 Toyota Kluger GXL Auto 2WD,295 km,SUV,Automatic,4cyl 2.4L Turbo Petrol
960,"$58,500*",2021 Toyota Kluger GXL Auto 2WD,"19,500 km",SUV,Automatic,6cyl 3.5L Petrol
960,"$35,990*",2018 Toyota Kluger GX Auto 2WD,"140,363 km",SUV,Automatic,6cyl 3.5L Petrol
960,"$14,990*",2010 Toyota Kluger KX-S Auto 2WD,"230,039 km",SUV,Automatic,6cyl 3.5L Petrol
960,"$12,500*",2009 Toyota Kluger KX-R Auto 2WD,"325,000 km",SUV,Automatic,6cyl 3.5L Petrol
960,"$78,993*",2022 Toyota Kluger Grande Auto eFour,"9,454 km",SUV,Automatic,2.5i/184kW Hybrid
960,"$52,000*",2019 Toyota Kluger Grande Auto AWD,"43,000 km",SUV,Automatic,6cyl 3.5L Petrol
960,"$46,990",2019 Toyota Kluger GXL Auto 2WD,"68,155 km",SUV,Automatic,6cyl 3.5L Petrol
960,"$20,000*",2014 Toyota Kluger GX Auto 2WD,"180,000 km",SUV,Automatic,6cyl 3.5L Petrol
960,"$17,000*",2011 Toyota Kluger Grande Auto 2WD MY11,"208,000 km",SUV,Automatic,6cyl 3.5L Petrol
960,"$15,990*",2013 Toyota Kluger KX-R Auto 2WD,"233,461 km",SUV,Automatic,6cyl 3.5L Petrol
960,"$12,800*",2013 Toyota Kluger KX-R Auto 2WD,"324,703 km",SUV,Automatic,6cyl 3.5L Petrol
960,"$11,000*",2009 Toyota Kluger KX-R Auto 2WD,"224,000 km",SUV,Automatic,6cyl 3.5L Petrol
972,"$27,990",2013 Toyota Kluger GXL Auto AWD,"163,667 km",SUV,Automatic,6cyl 3.5L Petrol
972,"$9,990",2008 Toyota Kluger KX-R Auto AWD,"345,220 km",SUV,Automatic,6cyl 3.5L Petrol
972,"$35,500*",2014 Toyota Kluger Grande Auto 2WD,"70,100 km",SUV,Automatic,6cyl 3.5L Petrol
972,"$24,900*",2015 Toyota Kluger GX Auto 2WD,"114,150 km",SUV,Automatic,6cyl 3.5L Petrol
972,"$16,488*",2011 Toyota Kluger Grande Auto 2WD MY11,"285,000 km",SUV,Automatic,6cyl 3.5L Petrol
972,"$45,990",2019 Toyota Kluger Black Edition Auto AWD,"96,765 km",SUV,Automatic,6cyl 3.5L Petrol
972,"$18,000*",2009 Toyota Kluger KX-R Auto 2WD,"147,000 km",SUV,Automatic,6cyl 3.5L Petrol
972,"$16,990*",2010 Toyota Kluger KX-R Auto 2WD,"226,831 km",SUV,Automatic,6cyl 3.5L Petrol
972,"$13,000*",2011 Toyota Kluger KX-S Auto AWD MY11,"388,000 km",SUV,Automatic,6cyl 3.5L Petrol
972,"$30,990",2018 Toyota Kluger GX Auto 2WD,"147,447 km",SUV,Automatic,6cyl 3.5L Petrol
972,"$67,990*",2022 Toyota Kluger Grande Auto AWD,"20,543 km",SUV,Automatic,6cyl 3.5L Petrol
972,"$64,888*",2021 Toyota Kluger Grande Auto 2WD,"28,381 km",SUV,Automatic,6cyl 3.5L Petrol
984,"$41,498",2019 Toyota Kluger Black Edition Auto 2WD,"94,959 km",SUV,Automatic,6cyl 3.5L Petrol
984,"$32,995*",2015 Toyota Kluger Grande Auto 2WD,"142,613 km",SUV,Automatic,6cyl 3.5L Petrol
984,"$27,990*",2016 Toyota Kluger GX Auto AWD,"135,000 km",SUV,Automatic,6cyl 3.5L Petrol
984,"$21,990*",2011 Toyota Kluger Grande Auto 2WD MY11,"165,500 km",SUV,Automatic,6cyl 3.5L Petrol
984,"$51,000*",2019 Toyota Kluger GXL Auto AWD,"50,000 km",SUV,Automatic,6cyl 3.5L Petrol
984,"$27,990",2014 Toyota Kluger Grande Auto 2WD,"197,895 km",SUV,Automatic,6cyl 3.5L Petrol
984,"$22,300*",2013 Toyota Kluger Altitude Auto 2WD,"154,000 km",SUV,Automatic,6cyl 3.5L Petrol
984,"$53,888*",2019 Toyota Kluger Grande Auto AWD,"48,299 km",SUV,Automatic,6cyl 3.5L Petrol
984,"$41,000*",2019 Toyota Kluger GXL Auto AWD,"111,000 km",SUV,Automatic,6cyl 3.5L Petrol
984,"$39,895",2018 Toyota Kluger Grande Auto AWD,"137,492 km",SUV,Automatic,6cyl 3.5L Petrol
984,"$33,990*",2016 Toyota Kluger GX Auto 2WD,"87,534 km",SUV,Automatic,6cyl 3.5L Petrol
984,"$19,500*",2010 Toyota Kluger KX-S Auto AWD MY11,"159,975 km",SUV,Automatic,6cyl 3.5L Petrol
996,"$18,400*",2009 Toyota Kluger KX-S Auto 2WD,"130,712 km",SUV,Automatic,6cyl 3.5L Petrol
996,"$48,990",2019 Toyota Kluger GXL Auto 2WD,"75,757 km",SUV,Automatic,6cyl 3.5L Petrol
996,"$40,000*",2016 Toyota Kluger Grande Auto AWD,"106,000 km",SUV,Automatic,6cyl 3.5L Petrol
996,"$32,990*",2015 Toyota Kluger Grande Auto AWD,"118,570 km",SUV,Automatic,6cyl 3.5L Petrol
996,"$22,000*",2013 Toyota Kluger KX-R Auto 2WD,"153,677 km",SUV,Automatic,6cyl 3.5L Petrol
996,"$20,000*",2015 Toyota Kluger GX Auto 2WD,"206,675 km",SUV,Automatic,6cyl 3.5L Petrol
996,"$18,990",2013 Toyota Kluger KX-R Auto 2WD,"156,747 km",SUV,Automatic,6cyl 3.5L Petrol
996,"$69,000*",2022 Toyota Kluger GXL Auto eFour,"42,500 km",SUV,Automatic,2.5i/184kW Hybrid
996,"$56,990*",2022 Toyota Kluger GX Auto AWD,"7,539 km",SUV,Automatic,6cyl 3.5L Petrol
996,"$56,990*",2018 Toyota Kluger Grande Auto AWD,"59,842 km",SUV,Automatic,6cyl 3.5L Petrol
996,"$46,990",2018 Toyota Kluger GXL Auto 2WD,"62,950 km",SUV,Automatic,6cyl 3.5L Petrol
996,"$31,000*",2016 Toyota Kluger GXL Auto AWD,"129,850 km",SUV,Automatic,6cyl 3.5L Petrol
